respondent_id,brand,quality,value_for_money,innovation,style,sustainability,comfort,performance,exclusivity,sample_weight
R0001,Aster Run,4.6,4.6,5.7,5.2,2.7,5.9,5.7,4.3,0.691
R0001,Northloop,5.6,4.2,5.5,6.0,3.0,4.4,3.6,5.6,0.691
R0001,Morrow Pace,4.5,6.0,4.9,3.6,4.0,6.4,4.7,3.6,0.691
R0001,Ember Trail,6.1,5.0,5.3,4.7,5.9,4.7,5.5,3.6,0.691
R0001,Luma Court,4.6,5.1,5.1,5.4,3.9,4.5,4.0,5.0,0.691
R0001,Foundry One,6.1,4.0,3.7,4.8,4.4,4.4,4.5,6.0,0.691
R0002,Aster Run,5.4,4.3,5.2,5.7,3.5,4.6,6.4,5.6,1.02
R0002,Northloop,5.4,5.5,6.1,6.3,5.2,5.3,4.3,5.9,1.02
R0002,Morrow Pace,4.8,6.0,3.5,4.1,4.8,5.5,4.9,3.9,1.02
R0002,Ember Trail,5.4,4.1,4.0,4.5,6.7,5.1,6.0,5.5,1.02
R0002,Luma Court,4.9,5.8,6.4,5.7,5.8,4.9,4.6,5.7,1.02
R0002,Foundry One,5.5,3.5,3.9,5.0,5.4,6.0,6.1,7.0,1.02
R0003,Aster Run,5.9,4.4,5.2,5.3,4.8,6.3,6.3,6.4,0.792
R0003,Northloop,5.6,4.9,5.8,6.1,4.6,5.7,4.7,6.1,0.792
R0003,Morrow Pace,5.9,7.0,5.5,4.5,4.8,5.8,5.3,3.8,0.792
R0003,Ember Trail,5.3,5.5,5.1,4.3,5.4,5.4,6.2,4.7,0.792
R0003,Luma Court,5.4,6.2,6.8,6.1,5.6,4.3,5.6,5.4,0.792
R0003,Foundry One,6.3,3.1,4.4,4.1,5.2,4.9,4.7,6.6,0.792
R0004,Aster Run,5.9,4.7,5.4,6.1,3.9,6.5,6.4,5.4,0.954
R0004,Northloop,6.1,5.2,4.0,6.8,4.9,5.7,4.5,6.1,0.954
R0004,Morrow Pace,5.2,6.5,3.8,4.2,3.7,5.7,5.6,3.9,0.954
R0004,Ember Trail,5.7,4.9,4.5,3.9,5.8,6.7,6.3,4.8,0.954
R0004,Luma Court,5.2,5.7,5.1,6.7,4.7,4.7,5.3,4.7,0.954
R0004,Foundry One,6.4,4.0,3.5,4.8,6.0,5.7,5.4,7.0,0.954
R0005,Aster Run,6.5,4.2,5.9,5.8,4.5,6.2,6.1,5.2,1.325
R0005,Northloop,6.5,5.4,5.6,6.8,5.3,5.5,5.5,6.7,1.325
R0005,Morrow Pace,5.9,7.0,4.7,5.6,5.0,7.0,5.7,4.6,1.325
R0005,Ember Trail,7.0,5.5,4.6,4.9,6.5,5.8,7.0,5.3,1.325
R0005,Luma Court,6.3,6.0,5.7,6.8,5.6,5.5,5.4,5.6,1.325
R0005,Foundry One,7.0,4.1,4.7,6.1,6.8,7.0,7.0,7.0,1.325
R0006,Aster Run,5.5,4.4,5.9,4.8,3.3,5.3,6.8,5.4,0.698
R0006,Northloop,5.0,3.8,4.7,4.7,4.5,4.4,3.7,6.1,0.698
R0006,Morrow Pace,4.6,5.5,3.7,3.5,4.8,5.5,5.1,4.1,0.698
R0006,Ember Trail,5.1,4.6,4.7,4.5,5.7,6.1,6.2,4.2,0.698
R0006,Luma Court,4.7,5.7,5.3,5.2,4.9,5.3,4.8,5.4,0.698
R0006,Foundry One,5.8,3.4,4.0,4.6,5.1,5.1,5.6,6.0,0.698
R0007,Aster Run,6.7,4.3,6.3,5.2,4.7,5.6,6.1,5.5,1.362
R0007,Northloop,6.2,5.8,5.2,6.0,4.0,4.9,5.5,5.5,1.362
R0007,Morrow Pace,6.2,5.8,4.5,3.3,4.6,6.1,4.7,4.2,1.362
R0007,Ember Trail,5.4,5.0,5.4,5.1,6.7,5.8,7.0,5.4,1.362
R0007,Luma Court,5.4,5.0,5.4,5.4,5.2,4.9,4.4,5.6,1.362
R0007,Foundry One,6.0,4.9,3.8,4.0,6.6,5.4,5.8,6.1,1.362
R0008,Aster Run,6.2,4.5,6.0,5.7,3.3,5.9,5.4,4.1,0.633
R0008,Northloop,5.9,5.3,5.2,6.1,3.7,4.8,4.6,5.2,0.633
R0008,Morrow Pace,5.3,5.4,3.9,4.6,4.5,6.3,4.7,3.6,0.633
R0008,Ember Trail,5.6,5.1,4.5,4.6,6.2,5.7,6.2,4.5,0.633
R0008,Luma Court,5.0,5.6,5.8,6.5,4.9,4.5,5.0,5.3,0.633
R0008,Foundry One,6.9,3.7,4.2,3.8,5.1,6.2,5.5,7.0,0.633
R0009,Aster Run,5.8,3.7,5.9,5.0,3.2,4.9,6.2,5.5,1.299
R0009,Northloop,5.8,5.1,5.2,6.0,4.0,4.6,5.4,5.9,1.299
R0009,Morrow Pace,5.3,6.1,4.1,4.5,4.7,6.2,5.7,4.5,1.299
R0009,Ember Trail,6.7,4.8,5.0,4.7,5.4,5.5,5.7,4.1,1.299
R0009,Luma Court,4.4,5.4,5.6,5.8,5.2,4.4,4.7,5.6,1.299
R0009,Foundry One,5.7,3.6,4.4,4.8,4.9,5.4,5.3,6.4,1.299
R0010,Aster Run,5.8,4.3,4.9,4.4,4.5,5.1,6.2,4.4,0.954
R0010,Northloop,5.4,4.8,4.7,5.4,4.4,4.6,5.0,5.4,0.954
R0010,Morrow Pace,5.1,5.8,3.8,3.7,5.3,5.9,4.9,4.3,0.954
R0010,Ember Trail,5.5,4.6,4.2,3.4,6.2,5.8,5.5,4.5,0.954
R0010,Luma Court,4.5,5.8,5.3,6.1,5.2,4.4,4.6,4.6,0.954
R0010,Foundry One,5.9,4.1,3.5,4.9,5.3,5.3,5.3,5.9,0.954
R0011,Aster Run,5.6,4.6,6.1,6.0,5.2,5.8,5.5,5.2,1.455
R0011,Northloop,6.0,5.0,3.9,6.3,5.0,6.1,4.5,5.6,1.455
R0011,Morrow Pace,4.3,6.2,4.8,4.6,4.9,6.2,5.7,3.6,1.455
R0011,Ember Trail,5.2,5.2,5.1,4.7,5.3,5.6,5.3,4.0,1.455
R0011,Luma Court,5.3,5.7,5.5,6.3,5.6,4.5,3.7,5.1,1.455
R0011,Foundry One,6.3,4.8,4.4,4.6,5.5,5.4,5.4,5.8,1.455
R0012,Aster Run,6.8,4.8,6.5,6.4,4.6,6.1,7.0,6.4,1.007
R0012,Northloop,5.9,5.6,6.3,7.0,4.8,5.2,5.9,6.3,1.007
R0012,Morrow Pace,5.6,6.6,5.0,5.1,5.5,6.8,6.1,4.6,1.007
R0012,Ember Trail,6.3,4.7,4.3,4.7,7.0,6.7,6.5,5.3,1.007
R0012,Luma Court,4.8,6.8,5.2,6.2,6.1,4.9,4.7,5.6,1.007
R0012,Foundry One,7.0,4.2,5.2,6.0,7.0,6.4,5.3,7.0,1.007
R0013,Aster Run,6.6,4.4,7.0,5.7,5.0,5.5,6.7,5.0,0.792
R0013,Northloop,6.1,5.0,5.7,7.0,5.0,5.9,5.0,6.5,0.792
R0013,Morrow Pace,5.4,6.2,4.7,4.6,4.8,5.9,4.6,3.6,0.792
R0013,Ember Trail,5.5,4.9,5.1,4.7,6.2,6.0,5.4,5.5,0.792
R0013,Luma Court,4.7,4.7,4.8,5.8,4.6,4.8,4.8,5.0,0.792
R0013,Foundry One,5.7,4.1,3.8,5.5,5.9,5.9,4.7,6.4,0.792
R0014,Aster Run,6.0,4.3,6.1,4.8,3.6,5.5,5.5,5.3,0.831
R0014,Northloop,4.8,5.2,5.0,6.2,5.2,5.9,4.9,6.0,0.831
R0014,Morrow Pace,4.8,6.4,4.0,3.9,4.8,6.0,5.2,3.9,0.831
R0014,Ember Trail,5.4,4.1,4.9,3.5,6.0,4.8,5.5,4.0,0.831
R0014,Luma Court,5.0,4.6,5.5,6.0,5.0,4.0,4.8,5.4,0.831
R0014,Foundry One,6.8,4.6,4.5,3.8,6.0,5.2,5.0,6.6,0.831
R0015,Aster Run,5.8,4.5,7.0,5.4,4.2,5.4,5.7,4.9,0.716
R0015,Northloop,5.8,5.0,5.0,6.0,4.1,5.2,4.6,6.0,0.716
R0015,Morrow Pace,5.3,6.1,5.0,3.6,4.7,5.9,4.5,3.9,0.716
R0015,Ember Trail,5.2,5.2,5.5,3.9,5.4,5.3,5.9,5.4,0.716
R0015,Luma Court,4.6,4.9,4.9,5.1,4.2,3.7,3.9,4.7,0.716
R0015,Foundry One,6.8,3.4,4.5,5.0,5.1,5.7,5.6,6.7,0.716
R0016,Aster Run,6.2,5.2,6.8,5.3,4.9,5.4,6.3,5.5,0.651
R0016,Northloop,5.6,6.0,5.8,5.9,5.5,5.0,5.5,6.9,0.651
R0016,Morrow Pace,6.2,6.0,5.0,4.2,5.2,5.1,5.2,3.2,0.651
R0016,Ember Trail,6.1,4.5,6.1,5.5,7.0,5.8,7.0,4.8,0.651
R0016,Luma Court,4.9,5.7,6.0,6.6,5.3,5.4,5.4,6.1,0.651
R0016,Foundry One,7.0,4.7,4.4,5.0,6.0,6.7,5.9,6.8,0.651
R0017,Aster Run,6.0,5.6,6.1,5.6,5.0,5.7,6.8,5.7,0.816
R0017,Northloop,5.1,5.5,5.6,6.1,5.2,5.0,5.1,7.0,0.816
R0017,Morrow Pace,4.9,6.0,4.8,4.0,6.3,6.4,5.7,4.3,0.816
R0017,Ember Trail,5.8,5.3,5.3,4.4,6.6,6.0,6.9,5.7,0.816
R0017,Luma Court,4.9,5.6,6.1,6.1,5.7,4.6,5.1,5.8,0.816
R0017,Foundry One,5.9,4.3,4.3,4.9,6.6,5.7,5.5,6.7,0.816
R0018,Aster Run,7.0,5.7,6.8,5.5,4.9,6.0,6.4,5.9,0.904
R0018,Northloop,6.5,6.9,5.4,6.2,5.4,6.8,5.3,6.6,0.904
R0018,Morrow Pace,5.2,7.0,6.0,4.4,5.5,6.1,4.9,3.9,0.904
R0018,Ember Trail,7.0,6.3,5.9,5.3,5.9,6.1,6.2,5.9,0.904
R0018,Luma Court,5.6,6.7,6.6,6.6,6.4,6.1,5.1,6.4,0.904
R0018,Foundry One,6.9,5.4,4.4,5.7,6.6,6.9,5.6,6.7,0.904
R0019,Aster Run,6.5,5.1,5.3,4.9,4.1,5.6,6.3,4.8,1.092
R0019,Northloop,5.4,4.9,4.6,5.3,3.9,4.6,3.9,4.9,1.092
R0019,Morrow Pace,4.7,5.9,3.5,4.0,3.9,6.1,5.0,3.3,1.092
R0019,Ember Trail,4.6,4.5,4.0,4.1,5.3,5.1,5.9,3.9,1.092
R0019,Luma Court,3.8,4.9,5.3,5.2,4.2,4.8,3.6,4.3,1.092
R0019,Foundry One,5.8,2.9,3.9,4.2,5.1,4.7,4.8,5.7,1.092
R0020,Aster Run,5.9,5.1,6.1,4.7,4.2,6.3,6.2,4.7,1.215
R0020,Northloop,4.8,5.4,3.8,5.3,4.2,4.7,4.1,5.4,1.215
R0020,Morrow Pace,4.6,6.0,4.1,3.8,4.2,5.7,5.3,4.6,1.215
R0020,Ember Trail,5.1,4.9,4.2,4.0,5.3,3.9,4.8,4.2,1.215
R0020,Luma Court,4.8,4.9,5.3,5.6,4.6,3.7,3.7,5.7,1.215
R0020,Foundry One,6.2,4.1,3.4,5.0,5.0,5.8,5.4,5.9,1.215
R0021,Aster Run,5.1,4.2,5.5,5.6,3.7,5.0,6.6,5.6,0.806
R0021,Northloop,5.4,5.5,5.1,6.1,4.7,5.6,5.1,5.9,0.806
R0021,Morrow Pace,5.5,5.7,4.7,4.5,4.9,6.3,5.2,4.1,0.806
R0021,Ember Trail,6.3,5.2,5.9,4.0,6.3,5.8,5.9,4.7,0.806
R0021,Luma Court,4.7,4.3,5.4,4.9,4.7,4.6,5.0,5.0,0.806
R0021,Foundry One,6.9,4.8,4.1,4.4,5.8,4.9,5.5,6.9,0.806
R0022,Aster Run,5.8,3.6,5.5,5.0,4.9,5.4,6.2,4.3,0.824
R0022,Northloop,5.0,5.5,5.1,5.2,4.8,4.8,4.7,5.9,0.824
R0022,Morrow Pace,5.1,5.3,3.4,3.5,5.0,5.4,5.4,3.5,0.824
R0022,Ember Trail,6.1,5.0,4.3,3.6,5.9,5.4,6.0,4.0,0.824
R0022,Luma Court,4.7,4.9,4.6,5.1,5.7,4.6,4.3,5.1,0.824
R0022,Foundry One,6.6,3.1,3.3,4.0,5.0,5.4,5.0,5.9,0.824
R0023,Aster Run,6.4,5.1,6.4,6.1,5.0,6.0,6.2,5.0,0.691
R0023,Northloop,6.8,4.5,5.1,6.3,5.1,5.3,4.8,6.9,0.691
R0023,Morrow Pace,4.8,7.0,4.2,4.1,5.0,6.7,4.8,3.6,0.691
R0023,Ember Trail,6.6,5.1,5.3,5.4,6.7,6.3,5.6,4.4,0.691
R0023,Luma Court,5.1,4.6,5.4,5.1,4.8,4.6,4.5,5.3,0.691
R0023,Foundry One,6.4,4.4,4.2,5.2,6.1,6.2,5.3,6.7,0.691
R0024,Aster Run,6.0,4.3,6.3,4.7,3.4,4.8,6.3,4.4,0.77
R0024,Northloop,5.5,4.9,5.7,5.1,4.3,4.6,5.1,4.8,0.77
R0024,Morrow Pace,5.1,5.6,4.8,3.3,3.9,5.1,4.8,2.9,0.77
R0024,Ember Trail,5.0,4.2,4.1,3.9,5.1,5.6,5.3,4.0,0.77
R0024,Luma Court,4.3,4.8,5.3,5.1,5.1,3.4,4.3,5.0,0.77
R0024,Foundry One,5.6,3.5,4.1,4.1,4.5,4.9,4.8,6.2,0.77
R0025,Aster Run,6.0,5.1,6.9,5.1,3.6,5.3,7.0,5.9,1.046
R0025,Northloop,5.2,5.4,5.6,6.4,4.7,6.0,5.4,5.6,1.046
R0025,Morrow Pace,5.2,6.6,5.1,4.4,4.2,6.7,4.6,3.8,1.046
R0025,Ember Trail,5.5,5.2,5.1,4.1,6.0,5.7,5.9,4.4,1.046
R0025,Luma Court,4.4,4.4,6.2,6.1,4.2,5.2,3.9,4.9,1.046
R0025,Foundry One,6.5,4.0,4.4,5.2,5.1,6.9,4.6,5.9,1.046
R0026,Aster Run,5.9,5.5,7.0,6.1,5.9,6.1,6.8,5.3,0.979
R0026,Northloop,6.4,5.5,6.7,6.8,5.2,5.5,6.1,5.9,0.979
R0026,Morrow Pace,5.9,7.0,5.5,5.1,5.7,6.0,5.8,4.6,0.979
R0026,Ember Trail,7.0,5.3,6.3,5.6,5.5,5.8,6.5,6.0,0.979
R0026,Luma Court,4.5,5.8,5.3,6.3,5.9,4.9,4.5,5.0,0.979
R0026,Foundry One,6.4,4.1,4.9,5.4,6.4,7.0,5.9,7.0,0.979
R0027,Aster Run,5.5,4.6,6.1,4.8,3.8,5.3,5.1,4.1,0.863
R0027,Northloop,6.0,4.9,5.8,6.8,5.1,5.4,4.2,6.2,0.863
R0027,Morrow Pace,4.4,5.4,4.0,3.9,5.1,5.3,4.4,3.8,0.863
R0027,Ember Trail,5.7,4.3,5.4,4.0,5.5,4.5,6.0,5.4,0.863
R0027,Luma Court,4.2,5.4,4.9,5.9,5.0,5.5,4.2,5.3,0.863
R0027,Foundry One,6.1,3.4,3.9,4.3,5.7,5.3,4.7,6.4,0.863
R0028,Aster Run,7.0,5.1,6.4,6.3,4.0,5.8,6.3,5.4,1.307
R0028,Northloop,6.3,5.0,5.5,6.5,5.1,6.7,4.8,6.0,1.307
R0028,Morrow Pace,5.1,5.4,4.4,3.2,4.4,6.4,4.2,3.6,1.307
R0028,Ember Trail,6.0,4.6,4.9,4.5,6.4,5.6,5.9,4.9,1.307
R0028,Luma Court,5.3,5.8,5.4,5.8,5.4,5.8,4.0,6.4,1.307
R0028,Foundry One,6.8,3.5,4.3,5.0,6.5,5.7,5.7,6.5,1.307
R0029,Aster Run,5.7,5.3,6.0,6.0,4.8,5.6,6.9,5.3,1.079
R0029,Northloop,5.6,5.3,4.0,6.4,4.2,5.4,4.3,5.4,1.079
R0029,Morrow Pace,4.2,5.2,3.8,3.3,5.3,5.4,4.6,4.1,1.079
R0029,Ember Trail,5.3,5.2,4.8,3.1,5.7,5.3,6.2,4.8,1.079
R0029,Luma Court,4.8,4.2,4.3,5.1,4.3,5.0,3.7,5.0,1.079
R0029,Foundry One,6.4,2.9,3.5,4.0,5.0,5.5,5.2,6.0,1.079
R0030,Aster Run,6.7,4.8,5.9,5.0,4.6,5.3,7.0,4.8,1.697
R0030,Northloop,3.9,4.9,5.3,5.9,4.7,5.8,4.9,5.7,1.697
R0030,Morrow Pace,5.3,6.3,4.3,3.9,4.1,6.1,5.8,3.7,1.697
R0030,Ember Trail,5.6,5.6,4.8,4.2,7.0,5.9,6.1,5.2,1.697
R0030,Luma Court,5.1,5.6,5.9,5.6,5.8,5.3,4.7,5.1,1.697
R0030,Foundry One,6.0,3.9,4.7,4.3,4.9,5.5,5.2,6.0,1.697
R0031,Aster Run,6.6,5.1,7.0,6.1,4.9,6.0,6.9,6.2,0.866
R0031,Northloop,6.7,5.0,5.9,6.8,5.1,6.0,6.0,6.0,0.866
R0031,Morrow Pace,6.1,6.0,5.5,5.3,5.3,7.0,4.8,3.8,0.866
R0031,Ember Trail,6.8,5.0,6.0,6.0,6.0,5.5,7.0,5.2,0.866
R0031,Luma Court,6.0,5.3,7.0,6.9,5.7,5.3,4.4,6.3,0.866
R0031,Foundry One,6.7,5.3,5.6,5.1,6.3,6.3,6.7,6.9,0.866
R0032,Aster Run,5.6,4.7,6.3,4.6,4.2,6.0,6.4,4.8,0.858
R0032,Northloop,5.8,4.3,4.5,6.8,3.9,6.1,5.1,5.6,0.858
R0032,Morrow Pace,5.6,6.7,4.3,4.2,4.7,7.0,4.6,3.8,0.858
R0032,Ember Trail,6.3,5.1,5.4,4.7,6.5,4.8,5.8,4.8,0.858
R0032,Luma Court,6.2,6.0,6.1,6.2,6.2,4.2,5.2,6.3,0.858
R0032,Foundry One,6.1,4.4,3.6,4.9,6.0,6.7,5.3,6.3,0.858
R0033,Aster Run,6.1,4.6,5.8,4.8,4.7,5.8,7.0,5.0,0.997
R0033,Northloop,4.8,5.0,4.9,5.9,5.0,3.6,4.1,5.6,0.997
R0033,Morrow Pace,4.5,5.1,3.9,3.9,4.8,5.6,4.9,3.5,0.997
R0033,Ember Trail,5.8,4.7,4.8,4.2,5.4,4.2,5.8,4.3,0.997
R0033,Luma Court,5.6,5.5,6.4,6.3,6.0,5.4,4.6,4.6,0.997
R0033,Foundry One,6.1,4.0,3.8,4.6,5.3,4.5,4.4,6.3,0.997
R0034,Aster Run,6.3,5.4,7.0,6.0,5.1,7.0,5.9,6.0,1.008
R0034,Northloop,6.8,5.6,5.9,6.1,4.8,5.4,4.2,6.1,1.008
R0034,Morrow Pace,5.3,5.6,4.6,4.7,4.3,6.1,4.8,3.6,1.008
R0034,Ember Trail,5.8,5.3,5.8,5.6,6.9,4.5,6.4,4.5,1.008
R0034,Luma Court,5.8,5.3,6.3,7.0,5.1,5.0,5.1,5.7,1.008
R0034,Foundry One,7.0,4.1,4.9,5.5,6.4,7.0,6.5,7.0,1.008
R0035,Aster Run,6.2,4.2,5.9,5.7,3.3,5.5,5.9,5.5,0.686
R0035,Northloop,5.8,4.3,5.0,6.8,4.7,3.6,4.8,5.2,0.686
R0035,Morrow Pace,4.3,5.2,4.0,3.3,4.2,5.2,4.4,3.7,0.686
R0035,Ember Trail,5.2,3.5,3.9,3.9,5.9,5.5,4.9,4.0,0.686
R0035,Luma Court,4.4,4.4,5.1,5.2,4.8,4.6,4.1,5.3,0.686
R0035,Foundry One,5.4,3.0,3.8,4.5,6.4,5.2,5.0,6.3,0.686
R0036,Aster Run,6.5,4.9,7.0,5.0,4.2,5.9,6.2,5.5,0.886
R0036,Northloop,5.9,4.8,6.0,6.2,5.2,5.4,6.1,5.7,0.886
R0036,Morrow Pace,5.6,6.0,5.1,5.2,4.6,7.0,4.9,4.3,0.886
R0036,Ember Trail,6.8,5.3,5.5,4.9,6.9,6.0,6.1,5.1,0.886
R0036,Luma Court,6.2,5.5,6.0,6.7,5.6,5.3,5.9,5.9,0.886
R0036,Foundry One,6.9,3.4,4.9,5.5,5.7,5.7,5.7,6.6,0.886
R0037,Aster Run,5.2,3.9,5.9,5.7,3.7,4.7,5.5,4.4,1.137
R0037,Northloop,5.8,5.0,5.1,6.1,4.6,5.0,5.2,6.0,1.137
R0037,Morrow Pace,4.1,6.0,3.9,4.0,5.0,6.0,4.6,3.7,1.137
R0037,Ember Trail,5.2,5.3,5.5,4.4,6.1,5.6,5.9,4.9,1.137
R0037,Luma Court,4.3,5.1,5.4,5.1,4.2,4.8,4.6,5.4,1.137
R0037,Foundry One,5.9,3.9,4.7,4.8,5.0,5.9,4.9,6.0,1.137
R0038,Aster Run,6.3,5.4,6.6,6.4,5.7,5.9,7.0,5.9,1.117
R0038,Northloop,5.7,5.3,6.1,6.1,5.7,5.6,4.9,5.9,1.117
R0038,Morrow Pace,5.9,7.0,4.2,5.8,5.3,6.9,5.8,4.0,1.117
R0038,Ember Trail,6.5,4.6,5.5,4.8,6.2,5.8,5.7,4.6,1.117
R0038,Luma Court,5.0,5.8,6.6,7.0,5.8,5.0,4.8,6.2,1.117
R0038,Foundry One,6.5,4.8,3.3,5.6,6.1,5.8,5.8,6.7,1.117
R0039,Aster Run,7.0,5.0,5.1,6.3,5.1,6.3,7.0,5.6,1.116
R0039,Northloop,6.7,6.1,5.5,7.0,6.0,5.8,5.6,6.2,1.116
R0039,Morrow Pace,6.1,6.7,4.9,5.4,4.9,6.8,6.0,5.2,1.116
R0039,Ember Trail,6.9,5.3,5.5,4.5,7.0,6.4,6.7,5.5,1.116
R0039,Luma Court,5.5,6.8,6.5,6.5,5.9,5.1,4.6,6.6,1.116
R0039,Foundry One,6.7,4.8,4.7,5.3,6.6,6.2,5.8,7.0,1.116
R0040,Aster Run,5.9,5.0,5.9,4.9,4.4,5.1,7.0,5.6,1.002
R0040,Northloop,6.8,5.8,5.6,6.0,4.8,5.2,5.4,7.0,1.002
R0040,Morrow Pace,4.8,5.6,4.4,3.2,4.6,5.0,4.5,3.6,1.002
R0040,Ember Trail,5.5,4.5,5.6,4.0,6.0,4.8,5.7,5.0,1.002
R0040,Luma Court,4.0,5.4,6.5,5.5,4.6,5.1,3.7,5.7,1.002
R0040,Foundry One,5.6,3.3,4.2,3.9,4.6,4.5,5.1,6.4,1.002
R0041,Aster Run,6.0,4.5,5.7,5.7,4.1,6.5,5.8,5.5,0.864
R0041,Northloop,5.6,4.9,5.4,6.7,4.0,5.4,4.4,6.5,0.864
R0041,Morrow Pace,4.9,6.2,5.2,4.1,4.7,6.2,4.9,3.9,0.864
R0041,Ember Trail,5.9,5.1,5.5,4.8,6.1,6.0,6.8,5.8,0.864
R0041,Luma Court,4.8,4.8,5.5,6.3,4.9,5.1,4.2,5.3,0.864
R0041,Foundry One,5.7,4.1,4.2,5.1,5.4,5.5,5.0,7.0,0.864
R0042,Aster Run,5.6,5.1,6.3,5.7,4.6,6.2,6.9,5.7,0.821
R0042,Northloop,5.0,4.2,5.8,4.9,4.4,5.0,4.6,4.7,0.821
R0042,Morrow Pace,3.6,5.4,3.7,3.5,4.3,5.8,4.3,3.2,0.821
R0042,Ember Trail,4.9,5.1,4.7,3.8,5.1,5.0,6.0,5.2,0.821
R0042,Luma Court,3.9,4.7,5.4,4.6,4.9,4.1,4.4,5.3,0.821
R0042,Foundry One,6.0,3.4,5.0,5.0,5.1,5.7,5.2,5.1,0.821
R0043,Aster Run,5.7,4.6,5.8,5.0,3.7,4.6,6.0,5.2,1.199
R0043,Northloop,5.2,4.6,4.8,5.9,4.3,4.0,4.4,4.5,1.199
R0043,Morrow Pace,5.6,6.3,3.9,3.9,4.5,5.6,4.7,3.6,1.199
R0043,Ember Trail,4.9,3.9,4.9,3.7,4.4,4.4,5.9,3.8,1.199
R0043,Luma Court,4.7,4.9,5.4,5.4,4.5,3.5,4.4,4.6,1.199
R0043,Foundry One,5.9,4.5,4.7,3.6,5.4,4.6,4.3,6.2,1.199
R0044,Aster Run,6.4,5.1,6.5,6.5,5.2,6.4,7.0,5.6,0.795
R0044,Northloop,5.9,5.8,5.9,7.0,4.9,6.4,5.7,5.9,0.795
R0044,Morrow Pace,5.5,5.7,3.6,4.9,4.5,6.0,4.5,3.6,0.795
R0044,Ember Trail,6.8,5.4,5.4,4.1,6.0,5.7,6.9,5.3,0.795
R0044,Luma Court,5.9,5.6,5.7,6.6,5.2,5.3,5.3,5.2,0.795
R0044,Foundry One,6.6,3.9,5.2,5.1,5.9,6.3,6.4,6.3,0.795
R0045,Aster Run,6.6,4.3,6.3,5.3,5.4,6.8,6.8,6.0,0.876
R0045,Northloop,5.8,5.5,5.5,6.1,5.0,4.3,6.3,6.0,0.876
R0045,Morrow Pace,5.3,5.8,4.4,3.7,5.1,5.9,5.4,4.3,0.876
R0045,Ember Trail,6.1,4.6,5.0,5.8,6.4,5.3,6.9,4.7,0.876
R0045,Luma Court,4.8,5.3,5.9,5.7,5.9,5.2,4.1,6.4,0.876
R0045,Foundry One,6.1,4.6,4.6,4.3,6.2,5.7,6.4,5.7,0.876
R0046,Aster Run,6.7,4.5,5.9,5.7,4.3,6.4,6.2,5.8,1.045
R0046,Northloop,5.8,5.3,5.2,7.0,4.8,5.5,5.7,6.5,1.045
R0046,Morrow Pace,5.5,6.4,4.5,4.0,4.9,5.3,4.7,4.4,1.045
R0046,Ember Trail,6.1,5.1,5.3,4.3,6.7,5.6,6.0,4.8,1.045
R0046,Luma Court,4.8,5.4,6.2,5.9,5.0,5.3,5.4,5.6,1.045
R0046,Foundry One,6.5,4.4,5.2,5.7,5.8,5.6,5.8,6.9,1.045
R0047,Aster Run,5.8,4.6,6.5,4.7,3.7,5.9,6.3,5.4,0.76
R0047,Northloop,6.3,5.1,5.1,5.2,3.9,4.7,4.7,5.9,0.76
R0047,Morrow Pace,5.2,5.3,4.8,3.8,3.7,6.0,5.2,3.7,0.76
R0047,Ember Trail,5.7,4.5,5.1,4.4,6.5,5.7,5.7,4.9,0.76
R0047,Luma Court,4.4,4.9,4.7,5.6,4.7,5.0,4.1,5.2,0.76
R0047,Foundry One,5.7,3.3,3.8,4.3,4.7,5.8,5.4,6.5,0.76
R0048,Aster Run,6.1,4.6,6.5,6.3,4.6,6.2,7.0,4.8,0.749
R0048,Northloop,6.1,5.5,5.1,6.4,4.6,5.8,4.5,5.3,0.749
R0048,Morrow Pace,5.5,6.3,4.2,3.9,4.6,5.7,3.6,3.3,0.749
R0048,Ember Trail,7.0,5.2,4.5,3.7,5.3,5.2,5.0,4.9,0.749
R0048,Luma Court,5.3,5.0,6.5,5.4,4.5,4.8,3.1,4.6,0.749
R0048,Foundry One,6.1,4.2,4.4,4.6,5.3,4.9,4.4,5.8,0.749
R0049,Aster Run,6.7,5.4,6.3,5.6,4.7,6.8,6.7,5.4,1.212
R0049,Northloop,6.2,5.7,6.2,6.1,4.9,5.9,6.0,5.6,1.212
R0049,Morrow Pace,5.5,7.0,4.9,4.6,4.9,6.7,4.7,3.7,1.212
R0049,Ember Trail,5.9,4.9,6.6,5.0,7.0,6.1,6.6,5.3,1.212
R0049,Luma Court,4.8,6.0,5.5,6.4,5.1,5.5,4.7,5.3,1.212
R0049,Foundry One,6.1,5.7,5.3,4.9,5.4,6.3,6.2,6.2,1.212
R0050,Aster Run,5.8,4.7,6.4,5.5,4.6,5.5,5.5,5.2,0.89
R0050,Northloop,4.5,5.0,4.8,5.7,4.6,5.8,3.8,6.7,0.89
R0050,Morrow Pace,4.8,5.7,4.2,3.0,4.7,6.1,4.1,3.7,0.89
R0050,Ember Trail,5.9,5.2,6.5,5.5,5.9,6.6,6.1,5.5,0.89
R0050,Luma Court,4.7,4.9,6.4,6.2,5.6,4.7,3.3,5.0,0.89
R0050,Foundry One,5.9,3.6,4.5,4.6,5.5,5.5,4.3,6.0,0.89
R0051,Aster Run,5.7,4.2,5.6,5.5,3.2,6.0,6.5,4.6,0.81
R0051,Northloop,5.3,4.9,5.4,6.6,4.5,4.9,4.5,5.1,0.81
R0051,Morrow Pace,4.5,5.1,4.0,3.0,4.6,6.2,4.7,2.8,0.81
R0051,Ember Trail,5.6,4.6,4.8,4.4,5.8,5.5,5.7,4.4,0.81
R0051,Luma Court,2.8,4.2,5.7,5.8,5.0,4.5,4.1,5.7,0.81
R0051,Foundry One,5.6,3.3,3.9,4.8,5.1,5.2,5.2,5.9,0.81
R0052,Aster Run,5.7,5.6,6.6,5.5,4.8,6.6,6.5,6.5,0.914
R0052,Northloop,6.1,6.6,5.4,6.9,4.0,6.2,4.5,6.5,0.914
R0052,Morrow Pace,5.3,6.2,4.3,4.6,3.8,6.7,5.2,4.1,0.914
R0052,Ember Trail,5.5,5.7,5.6,4.6,6.3,7.0,6.5,4.4,0.914
R0052,Luma Court,5.7,6.8,5.7,6.6,5.6,5.9,4.3,6.1,0.914
R0052,Foundry One,6.5,4.3,4.8,4.7,5.1,7.0,5.0,7.0,0.914
R0053,Aster Run,7.0,5.5,7.0,6.4,4.5,6.2,7.0,5.8,1.208
R0053,Northloop,5.6,5.6,5.9,5.8,4.7,6.1,5.3,6.2,1.208
R0053,Morrow Pace,5.6,6.4,4.4,4.6,3.9,6.1,4.9,3.3,1.208
R0053,Ember Trail,6.4,5.3,5.4,4.4,6.3,6.0,6.7,5.6,1.208
R0053,Luma Court,5.2,5.8,5.3,6.7,4.7,5.4,3.9,6.4,1.208
R0053,Foundry One,6.9,4.0,4.8,5.5,5.6,5.9,5.4,6.5,1.208
R0054,Aster Run,6.3,4.7,6.5,6.3,4.3,6.5,7.0,5.5,0.774
R0054,Northloop,6.7,5.4,6.5,6.6,5.0,5.6,5.1,5.9,0.774
R0054,Morrow Pace,5.1,7.0,4.2,4.2,5.3,6.4,5.1,4.3,0.774
R0054,Ember Trail,6.5,4.5,5.5,5.0,6.0,5.6,6.1,4.5,0.774
R0054,Luma Court,5.3,5.3,5.3,7.0,5.8,4.9,5.2,5.5,0.774
R0054,Foundry One,6.6,4.0,5.0,6.0,6.1,6.0,5.1,6.5,0.774
R0055,Aster Run,5.2,4.2,5.7,5.7,4.4,5.0,5.6,4.6,1.116
R0055,Northloop,5.2,4.1,4.7,6.1,4.3,4.9,4.8,4.7,1.116
R0055,Morrow Pace,4.4,5.2,3.5,4.3,3.8,5.7,5.0,3.0,1.116
R0055,Ember Trail,5.2,4.6,4.5,4.4,6.2,5.3,5.5,2.9,1.116
R0055,Luma Court,5.0,5.1,5.5,5.9,5.4,5.3,5.2,5.1,1.116
R0055,Foundry One,5.6,3.3,3.7,5.6,5.4,5.5,6.4,5.6,1.116
R0056,Aster Run,6.5,4.0,6.4,5.5,4.9,6.1,6.3,4.9,0.796
R0056,Northloop,6.2,4.6,5.2,6.5,4.6,5.2,5.4,5.4,0.796
R0056,Morrow Pace,6.2,6.9,4.1,4.2,5.3,6.2,5.2,3.7,0.796
R0056,Ember Trail,5.8,5.3,5.1,3.4,6.5,6.3,6.6,4.2,0.796
R0056,Luma Court,5.9,5.5,6.9,7.0,6.1,5.3,5.3,6.5,0.796
R0056,Foundry One,6.8,3.6,4.7,5.0,5.6,5.8,5.9,7.0,0.796
R0057,Aster Run,7.0,4.9,7.0,5.9,4.8,5.5,5.8,6.1,1.311
R0057,Northloop,5.4,5.7,4.9,6.3,4.6,6.3,5.1,6.6,1.311
R0057,Morrow Pace,5.8,6.8,5.2,4.3,4.2,7.0,5.0,3.7,1.311
R0057,Ember Trail,6.2,5.1,4.8,4.3,6.4,6.0,5.8,4.3,1.311
R0057,Luma Court,4.6,5.7,6.2,4.7,5.8,5.4,4.6,5.4,1.311
R0057,Foundry One,6.3,4.4,4.7,5.5,5.7,6.3,4.6,6.6,1.311
R0058,Aster Run,5.7,4.9,6.5,4.7,4.8,5.5,5.9,4.6,0.797
R0058,Northloop,6.1,4.3,4.9,6.0,3.7,6.1,5.0,5.6,0.797
R0058,Morrow Pace,4.6,6.8,4.8,3.7,4.8,5.7,4.9,3.6,0.797
R0058,Ember Trail,5.9,5.1,6.0,4.0,5.8,5.7,6.6,4.0,0.797
R0058,Luma Court,5.3,5.7,6.0,6.5,5.1,4.5,5.3,5.7,0.797
R0058,Foundry One,5.2,4.3,4.5,4.6,6.7,6.3,6.4,7.0,0.797
R0059,Aster Run,6.4,4.8,5.4,5.1,4.4,5.9,7.0,5.1,0.866
R0059,Northloop,5.4,5.1,3.9,6.4,5.0,5.1,5.6,6.0,0.866
R0059,Morrow Pace,5.3,6.5,3.9,4.3,5.0,5.1,6.0,3.7,0.866
R0059,Ember Trail,5.1,5.3,4.6,4.4,5.8,5.3,6.4,4.9,0.866
R0059,Luma Court,5.1,5.7,5.6,5.7,4.9,4.4,3.8,5.2,0.866
R0059,Foundry One,7.0,4.5,4.7,5.1,5.9,5.9,6.6,5.9,0.866
R0060,Aster Run,5.7,4.5,6.3,4.8,3.9,5.7,7.0,5.4,1.454
R0060,Northloop,5.7,6.2,6.0,6.2,4.6,5.7,6.4,5.8,1.454
R0060,Morrow Pace,5.8,6.4,4.7,4.4,5.7,5.8,5.8,4.3,1.454
R0060,Ember Trail,6.1,4.9,4.8,3.9,6.7,4.7,6.3,4.9,1.454
R0060,Luma Court,5.1,5.9,6.3,6.3,6.2,5.4,4.7,6.2,1.454
R0060,Foundry One,6.2,3.9,4.7,5.1,6.4,5.4,5.4,6.4,1.454
R0061,Aster Run,6.1,5.3,6.1,5.9,4.9,5.7,6.4,4.8,1.257
R0061,Northloop,5.8,5.7,5.3,6.0,4.5,5.6,4.7,5.7,1.257
R0061,Morrow Pace,5.8,6.6,4.5,4.5,4.6,6.4,4.8,3.6,1.257
R0061,Ember Trail,6.6,4.8,5.6,4.6,6.7,5.6,6.0,5.1,1.257
R0061,Luma Court,5.3,5.2,5.3,5.7,5.1,5.5,4.2,5.7,1.257
R0061,Foundry One,5.7,4.0,4.6,5.3,6.1,5.6,5.3,6.1,1.257
R0062,Aster Run,5.1,4.2,6.0,4.7,4.2,6.0,5.7,5.6,1.073
R0062,Northloop,5.3,5.4,4.6,5.3,4.4,5.3,5.0,5.1,1.073
R0062,Morrow Pace,5.2,5.5,4.1,3.5,4.3,6.9,4.9,4.0,1.073
R0062,Ember Trail,5.2,4.7,4.4,3.5,5.5,5.6,6.1,3.9,1.073
R0062,Luma Court,5.1,5.2,5.6,4.9,4.6,5.3,4.7,5.4,1.073
R0062,Foundry One,6.4,4.4,4.0,4.0,5.3,5.5,5.2,5.1,1.073
R0063,Aster Run,5.3,3.6,5.3,4.7,3.4,5.0,5.8,4.7,0.992
R0063,Northloop,5.4,4.5,5.0,5.6,4.5,4.8,5.1,4.9,0.992
R0063,Morrow Pace,4.5,5.8,4.8,3.5,5.1,5.3,4.6,3.3,0.992
R0063,Ember Trail,5.6,4.8,5.0,2.8,5.1,5.1,6.4,4.0,0.992
R0063,Luma Court,4.7,6.1,5.5,6.3,5.4,4.7,4.2,5.8,0.992
R0063,Foundry One,5.7,4.4,3.2,4.4,5.3,5.1,4.7,5.3,0.992
R0064,Aster Run,6.0,4.2,6.1,5.1,4.1,5.9,6.4,5.9,1.197
R0064,Northloop,5.0,4.9,4.8,6.4,4.6,5.8,5.2,6.2,1.197
R0064,Morrow Pace,5.0,6.2,4.6,5.1,4.6,5.8,4.0,3.3,1.197
R0064,Ember Trail,5.9,5.1,5.1,4.3,6.1,6.4,6.6,4.5,1.197
R0064,Luma Court,5.1,6.4,5.4,5.5,5.1,4.6,4.7,4.7,1.197
R0064,Foundry One,6.1,4.2,4.5,4.1,6.3,5.2,5.5,6.7,1.197
R0065,Aster Run,6.2,4.6,6.1,5.1,4.1,6.1,6.3,4.5,0.697
R0065,Northloop,5.6,5.0,3.8,6.3,4.9,4.7,4.1,5.2,0.697
R0065,Morrow Pace,4.2,6.3,4.0,4.1,5.0,6.8,4.6,3.6,0.697
R0065,Ember Trail,5.5,4.2,3.9,4.6,5.7,5.3,6.3,3.9,0.697
R0065,Luma Court,4.6,5.3,5.4,5.6,5.5,4.4,5.1,5.7,0.697
R0065,Foundry One,6.2,3.9,3.6,5.2,5.9,5.8,5.5,5.7,0.697
R0066,Aster Run,6.8,4.9,6.8,5.4,4.4,6.4,6.9,5.4,1.179
R0066,Northloop,6.8,5.9,6.5,6.6,6.0,6.2,6.2,6.2,1.179
R0066,Morrow Pace,5.4,7.0,4.0,4.4,4.7,6.6,4.7,3.7,1.179
R0066,Ember Trail,5.9,5.3,5.6,4.5,6.4,5.7,6.1,5.3,1.179
R0066,Luma Court,6.0,5.1,5.9,6.2,5.8,4.3,4.8,5.8,1.179
R0066,Foundry One,6.9,4.5,4.8,4.7,5.7,5.7,5.6,6.7,1.179
R0067,Aster Run,6.3,5.4,6.9,5.8,5.2,6.4,7.0,6.3,1.22
R0067,Northloop,6.5,6.5,4.8,6.7,4.8,6.1,5.6,6.2,1.22
R0067,Morrow Pace,5.3,6.0,5.5,4.3,5.0,6.9,5.2,4.2,1.22
R0067,Ember Trail,6.5,4.9,5.3,5.2,7.0,6.4,7.0,5.2,1.22
R0067,Luma Court,4.5,5.8,6.3,6.3,5.6,5.3,5.3,6.5,1.22
R0067,Foundry One,5.8,5.4,4.4,5.0,6.2,6.9,5.6,6.9,1.22
R0068,Aster Run,5.2,4.3,5.7,4.7,4.2,5.8,6.0,4.4,1.443
R0068,Northloop,5.8,4.9,4.7,5.6,4.5,4.4,3.9,6.1,1.443
R0068,Morrow Pace,5.3,5.5,3.8,3.5,4.8,5.4,4.5,4.0,1.443
R0068,Ember Trail,5.8,5.6,4.5,4.3,6.1,4.7,5.7,4.5,1.443
R0068,Luma Court,5.2,6.8,6.0,6.3,4.7,3.8,4.2,5.6,1.443
R0068,Foundry One,7.0,3.3,5.1,5.4,5.7,4.9,5.4,6.3,1.443
R0069,Aster Run,5.7,4.9,6.4,4.3,3.4,5.9,6.8,4.7,0.749
R0069,Northloop,5.6,4.9,4.9,5.6,4.7,5.6,5.2,5.1,0.749
R0069,Morrow Pace,5.2,5.6,3.4,4.3,3.9,6.1,4.0,3.5,0.749
R0069,Ember Trail,5.4,5.3,5.3,3.9,7.0,5.5,5.4,4.5,0.749
R0069,Luma Court,4.6,6.2,5.2,6.7,4.6,4.5,4.8,5.5,0.749
R0069,Foundry One,5.4,2.8,3.5,4.1,4.5,4.8,4.7,5.5,0.749
R0070,Aster Run,6.2,5.5,6.4,5.3,4.0,5.7,7.0,4.6,0.977
R0070,Northloop,5.1,5.6,5.7,5.9,4.3,5.3,4.8,5.7,0.977
R0070,Morrow Pace,5.4,6.6,4.7,3.5,4.3,6.0,5.7,3.1,0.977
R0070,Ember Trail,6.5,5.8,5.7,4.2,6.1,5.0,6.7,4.8,0.977
R0070,Luma Court,3.8,5.9,6.8,6.3,6.0,5.2,4.5,4.7,0.977
R0070,Foundry One,6.7,4.8,5.1,5.1,6.8,5.7,5.7,6.1,0.977
R0071,Aster Run,5.7,4.8,6.4,5.4,4.3,5.9,6.8,5.5,0.543
R0071,Northloop,5.9,5.1,4.5,5.7,4.5,5.6,5.2,6.4,0.543
R0071,Morrow Pace,4.5,6.1,4.6,3.8,3.7,5.5,5.0,3.1,0.543
R0071,Ember Trail,5.5,4.9,5.8,4.1,6.6,5.6,6.9,4.2,0.543
R0071,Luma Court,4.0,5.2,6.0,5.4,5.7,5.6,4.7,5.3,0.543
R0071,Foundry One,6.4,3.7,5.0,5.1,5.5,5.7,5.2,6.4,0.543
R0072,Aster Run,6.3,4.8,7.0,6.0,5.4,6.7,6.0,4.7,0.912
R0072,Northloop,5.8,5.3,6.4,6.0,5.2,5.1,5.5,6.0,0.912
R0072,Morrow Pace,5.0,6.8,3.7,4.4,4.6,5.7,4.0,3.4,0.912
R0072,Ember Trail,6.7,5.8,5.3,4.7,6.3,5.3,6.0,5.3,0.912
R0072,Luma Court,4.8,5.1,6.4,5.6,5.2,5.2,4.7,6.4,0.912
R0072,Foundry One,6.7,4.7,4.8,5.3,6.6,6.5,4.8,6.1,0.912
R0073,Aster Run,6.0,4.3,5.1,4.6,3.9,4.9,5.6,5.1,0.512
R0073,Northloop,5.1,4.5,4.1,5.2,3.5,4.5,3.7,5.4,0.512
R0073,Morrow Pace,4.8,5.9,3.3,4.0,3.3,5.7,4.9,3.9,0.512
R0073,Ember Trail,5.9,5.0,4.8,4.5,6.1,5.7,5.1,4.6,0.512
R0073,Luma Court,4.1,4.2,6.1,6.2,4.8,4.6,4.9,6.3,0.512
R0073,Foundry One,5.4,4.0,3.4,3.4,4.9,5.0,5.4,5.8,0.512
R0074,Aster Run,6.5,4.6,6.9,6.0,4.1,5.8,6.4,5.5,0.545
R0074,Northloop,6.2,5.7,5.1,6.9,5.4,6.0,5.8,6.0,0.545
R0074,Morrow Pace,5.6,7.0,5.2,4.5,5.7,6.1,6.0,5.1,0.545
R0074,Ember Trail,6.3,6.3,5.8,4.8,6.5,6.1,7.0,5.3,0.545
R0074,Luma Court,5.0,5.9,6.4,5.9,5.0,5.2,5.0,5.6,0.545
R0074,Foundry One,6.9,4.2,4.8,4.8,6.3,6.4,5.9,7.0,0.545
R0075,Aster Run,6.6,5.2,6.2,5.6,5.1,6.0,6.2,5.2,0.772
R0075,Northloop,5.0,4.6,5.0,5.7,5.2,4.8,4.7,4.8,0.772
R0075,Morrow Pace,5.6,6.5,5.1,4.6,5.5,5.9,5.8,3.7,0.772
R0075,Ember Trail,5.7,4.4,4.6,4.0,6.2,5.2,6.0,4.0,0.772
R0075,Luma Court,5.7,5.7,5.5,6.0,6.1,4.5,4.9,5.6,0.772
R0075,Foundry One,6.2,3.1,3.7,4.2,6.0,5.6,5.9,5.5,0.772
R0076,Aster Run,5.6,4.7,5.8,5.0,4.3,6.3,5.7,5.4,0.889
R0076,Northloop,5.9,5.7,4.5,6.3,4.5,5.4,4.4,5.5,0.889
R0076,Morrow Pace,5.5,6.5,4.5,4.5,4.9,6.8,6.0,4.8,0.889
R0076,Ember Trail,5.6,5.5,5.5,5.0,6.4,6.2,5.7,5.6,0.889
R0076,Luma Court,5.2,5.7,5.6,6.1,5.2,5.0,4.5,6.0,0.889
R0076,Foundry One,7.0,4.9,4.4,5.1,6.0,6.6,4.8,6.6,0.889
R0077,Aster Run,7.0,4.5,7.0,5.8,5.4,5.7,6.9,5.3,0.826
R0077,Northloop,6.1,6.0,5.7,6.3,5.7,6.0,5.8,6.7,0.826
R0077,Morrow Pace,4.8,6.6,4.8,4.6,4.9,6.3,5.5,4.0,0.826
R0077,Ember Trail,5.6,5.6,5.8,5.5,6.7,5.9,6.4,5.3,0.826
R0077,Luma Court,5.5,5.6,5.8,6.4,5.2,5.4,5.5,5.9,0.826
R0077,Foundry One,6.5,5.0,4.7,5.3,5.8,5.3,5.7,6.8,0.826
R0078,Aster Run,6.2,5.3,6.4,5.4,4.4,6.7,7.0,4.8,1.23
R0078,Northloop,6.0,5.5,5.1,6.8,4.9,6.8,5.1,6.6,1.23
R0078,Morrow Pace,5.5,6.4,5.2,4.7,4.5,6.4,5.8,4.0,1.23
R0078,Ember Trail,6.6,5.0,5.9,4.0,6.2,6.2,6.3,4.8,1.23
R0078,Luma Court,4.9,6.3,6.4,6.4,6.4,5.3,5.6,5.5,1.23
R0078,Foundry One,7.0,4.5,6.0,4.6,6.9,6.2,5.5,7.0,1.23
R0079,Aster Run,6.4,4.9,6.1,5.5,4.5,5.1,7.0,5.4,0.978
R0079,Northloop,5.9,4.9,5.5,5.8,4.4,5.3,5.4,5.4,0.978
R0079,Morrow Pace,5.4,6.2,3.8,4.0,4.9,6.1,5.8,3.7,0.978
R0079,Ember Trail,6.3,4.2,4.6,4.7,6.4,6.2,7.0,4.3,0.978
R0079,Luma Court,6.1,5.2,5.2,6.6,5.9,5.3,5.6,5.1,0.978
R0079,Foundry One,6.3,5.2,4.9,6.2,6.6,6.1,7.0,7.0,0.978
R0080,Aster Run,6.0,4.9,5.8,5.5,4.8,5.2,6.9,5.8,1.147
R0080,Northloop,6.6,5.7,5.5,6.9,5.7,4.9,5.8,6.7,1.147
R0080,Morrow Pace,5.1,5.6,4.0,3.9,5.3,6.3,4.8,4.1,1.147
R0080,Ember Trail,6.3,4.6,5.6,4.8,7.0,5.9,6.4,5.8,1.147
R0080,Luma Court,5.0,5.6,5.8,5.9,5.8,5.6,4.6,5.6,1.147
R0080,Foundry One,6.5,2.9,4.5,5.1,5.5,5.2,4.4,6.4,1.147
R0081,Aster Run,5.0,4.5,5.6,4.7,3.7,5.8,6.1,4.9,0.684
R0081,Northloop,6.0,4.9,4.9,6.3,4.3,5.9,4.9,5.8,0.684
R0081,Morrow Pace,4.3,6.4,4.3,3.9,3.5,5.8,5.2,4.2,0.684
R0081,Ember Trail,5.8,4.4,5.1,4.4,5.6,5.6,5.2,5.1,0.684
R0081,Luma Court,4.9,5.2,5.4,6.4,5.2,4.7,4.9,5.8,0.684
R0081,Foundry One,5.1,3.9,4.2,4.5,5.3,4.5,5.1,6.3,0.684
R0082,Aster Run,6.9,5.2,7.0,6.1,4.2,5.7,6.7,5.6,0.896
R0082,Northloop,5.1,4.9,5.6,7.0,4.6,5.8,5.4,6.5,0.896
R0082,Morrow Pace,4.9,6.4,4.5,4.3,4.6,6.8,5.8,4.1,0.896
R0082,Ember Trail,6.0,4.2,5.8,4.8,6.2,6.6,5.6,5.1,0.896
R0082,Luma Court,4.7,5.5,6.2,6.2,5.0,4.4,4.2,6.5,0.896
R0082,Foundry One,6.3,4.0,5.0,5.5,5.4,5.7,5.5,7.0,0.896
R0083,Aster Run,5.8,3.7,6.3,5.2,3.7,6.0,6.0,4.9,1.227
R0083,Northloop,5.1,5.0,5.2,5.6,4.6,4.2,4.6,5.8,1.227
R0083,Morrow Pace,3.7,5.9,4.5,4.0,3.7,5.8,4.6,3.4,1.227
R0083,Ember Trail,6.4,4.1,4.3,3.2,5.8,5.7,6.8,5.0,1.227
R0083,Luma Court,3.9,5.2,5.7,6.0,5.1,5.0,5.1,5.5,1.227
R0083,Foundry One,6.3,3.9,3.8,4.6,5.0,4.7,4.4,6.1,1.227
R0084,Aster Run,5.6,5.5,6.3,5.1,3.6,5.2,6.6,5.5,1.14
R0084,Northloop,5.9,5.1,6.0,6.7,4.6,6.3,5.3,4.9,1.14
R0084,Morrow Pace,5.4,6.3,4.8,3.6,3.7,5.8,4.4,3.3,1.14
R0084,Ember Trail,4.8,5.4,3.9,4.5,5.5,5.7,5.7,4.3,1.14
R0084,Luma Court,5.3,5.5,5.8,5.3,4.3,4.6,4.6,5.5,1.14
R0084,Foundry One,6.5,3.1,4.7,5.3,5.9,5.5,5.4,5.7,1.14
R0085,Aster Run,6.1,4.5,5.7,5.6,4.6,5.9,6.5,4.8,0.989
R0085,Northloop,6.2,4.8,4.4,5.9,4.9,5.2,4.7,5.8,0.989
R0085,Morrow Pace,4.5,6.5,3.4,4.0,3.9,5.9,4.6,3.9,0.989
R0085,Ember Trail,5.8,5.5,4.8,4.1,5.6,5.4,5.3,5.2,0.989
R0085,Luma Court,5.5,5.3,5.9,6.0,5.0,5.1,4.9,5.0,0.989
R0085,Foundry One,5.5,3.7,4.1,4.8,5.7,4.7,4.4,7.0,0.989
R0086,Aster Run,5.6,4.2,5.6,5.0,3.9,5.9,5.8,5.1,0.835
R0086,Northloop,5.6,4.8,5.3,6.2,4.6,5.4,5.1,5.5,0.835
R0086,Morrow Pace,4.9,5.9,4.8,3.4,4.2,6.5,4.9,4.7,0.835
R0086,Ember Trail,6.2,4.8,5.3,4.2,6.5,5.0,6.3,5.9,0.835
R0086,Luma Court,4.5,5.1,5.9,6.1,5.1,4.8,4.6,6.0,0.835
R0086,Foundry One,6.1,3.6,4.1,4.3,6.2,4.9,5.4,6.0,0.835
R0087,Aster Run,5.5,4.5,6.5,5.1,4.4,5.5,5.8,5.1,0.716
R0087,Northloop,5.6,4.6,4.9,5.7,4.5,5.3,5.2,6.9,0.716
R0087,Morrow Pace,5.8,5.5,4.5,3.6,5.2,5.8,5.0,2.8,0.716
R0087,Ember Trail,5.7,4.7,6.1,4.9,6.1,5.7,5.2,5.5,0.716
R0087,Luma Court,5.1,5.5,6.8,5.7,5.4,4.6,4.5,5.6,0.716
R0087,Foundry One,5.8,4.5,3.9,4.8,5.7,6.1,5.3,6.9,0.716
R0088,Aster Run,6.2,4.5,6.5,4.2,4.2,5.9,6.4,4.7,0.94
R0088,Northloop,5.6,4.7,5.6,7.0,5.3,6.2,4.4,6.6,0.94
R0088,Morrow Pace,4.3,5.8,5.2,3.0,3.5,6.0,4.5,3.1,0.94
R0088,Ember Trail,5.3,4.8,5.5,3.6,6.1,6.1,6.1,4.1,0.94
R0088,Luma Court,6.0,5.5,6.1,5.8,5.9,5.6,5.0,6.1,0.94
R0088,Foundry One,6.6,3.7,5.6,4.5,5.5,4.5,6.1,7.0,0.94
R0089,Aster Run,6.5,4.7,5.6,5.0,4.8,5.5,6.0,4.8,0.822
R0089,Northloop,6.1,5.8,6.3,6.9,4.5,5.2,5.7,5.9,0.822
R0089,Morrow Pace,5.4,6.6,5.4,4.5,5.0,6.2,5.9,3.9,0.822
R0089,Ember Trail,7.0,5.7,5.2,5.1,6.7,5.7,6.5,5.4,0.822
R0089,Luma Court,4.8,5.8,5.5,5.4,5.4,5.1,4.7,5.4,0.822
R0089,Foundry One,7.0,3.4,4.8,4.7,6.1,5.7,5.8,6.5,0.822
R0090,Aster Run,7.0,4.5,6.3,6.0,4.4,6.0,6.9,5.3,0.751
R0090,Northloop,6.5,4.7,5.7,6.2,5.8,6.3,5.8,6.4,0.751
R0090,Morrow Pace,6.0,6.1,5.1,4.7,6.2,7.0,6.5,5.0,0.751
R0090,Ember Trail,6.2,5.0,5.6,4.6,6.6,6.0,6.2,5.1,0.751
R0090,Luma Court,5.7,5.9,5.9,6.8,6.8,5.3,5.5,5.2,0.751
R0090,Foundry One,6.9,4.6,4.9,5.1,5.7,6.3,6.5,6.4,0.751
R0091,Aster Run,5.3,5.0,4.8,4.6,4.2,4.5,5.3,5.5,0.964
R0091,Northloop,5.4,5.3,3.2,5.6,4.3,5.5,4.9,5.4,0.964
R0091,Morrow Pace,5.7,5.8,3.1,4.0,4.2,5.7,5.4,4.0,0.964
R0091,Ember Trail,5.5,4.5,4.1,3.8,5.5,4.8,6.1,4.1,0.964
R0091,Luma Court,3.9,5.4,4.9,6.3,4.8,4.3,4.4,3.7,0.964
R0091,Foundry One,5.5,3.8,3.6,4.0,5.6,5.1,5.1,5.9,0.964
R0092,Aster Run,6.1,4.2,6.6,5.2,4.9,5.1,5.9,4.9,0.761
R0092,Northloop,4.6,5.7,4.8,6.6,5.3,5.5,5.3,5.8,0.761
R0092,Morrow Pace,5.5,6.8,5.9,5.3,5.0,6.7,5.3,4.2,0.761
R0092,Ember Trail,5.8,4.2,4.7,4.9,6.6,5.3,6.1,4.6,0.761
R0092,Luma Court,4.9,5.1,6.3,5.7,6.2,4.0,4.5,6.5,0.761
R0092,Foundry One,6.4,4.4,4.1,4.8,5.3,5.9,5.3,6.5,0.761
R0093,Aster Run,5.6,4.9,5.9,5.3,3.3,5.4,5.2,4.8,1.087
R0093,Northloop,5.1,5.4,5.2,5.5,4.1,3.7,4.8,5.3,1.087
R0093,Morrow Pace,5.0,6.9,4.2,3.6,3.6,5.5,4.3,3.0,1.087
R0093,Ember Trail,5.1,4.8,5.0,4.4,5.6,5.3,5.2,4.5,1.087
R0093,Luma Court,4.1,5.0,5.8,5.3,4.6,4.7,5.0,4.7,1.087
R0093,Foundry One,6.2,3.6,2.9,3.8,4.7,5.6,4.7,5.5,1.087
R0094,Aster Run,6.8,5.0,5.4,5.3,4.3,5.7,6.5,5.8,1.469
R0094,Northloop,5.1,5.3,4.9,6.2,4.3,4.9,4.4,5.7,1.469
R0094,Morrow Pace,5.4,6.0,4.2,4.0,4.8,4.9,5.1,3.8,1.469
R0094,Ember Trail,6.3,5.6,5.8,4.1,6.7,5.7,6.1,5.1,1.469
R0094,Luma Court,5.2,6.5,5.5,5.9,5.1,4.8,4.6,5.7,1.469
R0094,Foundry One,6.6,4.9,4.2,3.9,5.2,5.3,4.5,6.5,1.469
R0095,Aster Run,5.4,5.0,6.3,5.1,5.0,5.3,5.8,4.6,0.988
R0095,Northloop,5.5,4.0,4.7,5.5,4.6,4.2,4.0,4.8,0.988
R0095,Morrow Pace,4.4,5.8,3.7,2.9,4.2,5.0,4.5,2.8,0.988
R0095,Ember Trail,4.8,4.8,5.2,3.9,5.5,4.4,5.5,3.7,0.988
R0095,Luma Court,4.4,5.0,5.2,5.5,5.6,4.7,4.6,4.7,0.988
R0095,Foundry One,5.4,3.4,3.3,4.2,6.4,4.8,5.0,5.0,0.988
R0096,Aster Run,6.1,4.4,6.2,4.8,4.0,5.6,6.5,5.5,1.224
R0096,Northloop,6.3,4.6,5.4,5.9,5.0,5.1,4.5,5.9,1.224
R0096,Morrow Pace,5.4,6.1,5.1,3.5,5.1,5.6,4.3,4.0,1.224
R0096,Ember Trail,6.2,4.8,5.7,4.4,6.3,5.6,5.8,6.0,1.224
R0096,Luma Court,4.7,6.1,5.9,5.8,5.1,5.4,4.3,5.6,1.224
R0096,Foundry One,5.4,3.5,4.0,5.2,5.8,4.7,5.0,7.0,1.224
R0097,Aster Run,5.7,4.4,6.5,5.6,4.0,6.3,6.7,5.1,0.528
R0097,Northloop,6.5,5.3,5.4,6.1,4.3,6.1,4.9,6.0,0.528
R0097,Morrow Pace,5.0,6.1,4.6,4.3,4.3,6.3,5.3,4.2,0.528
R0097,Ember Trail,5.8,4.9,5.3,3.7,5.2,6.3,5.6,4.2,0.528
R0097,Luma Court,4.7,5.9,5.9,6.3,4.8,5.6,4.8,5.6,0.528
R0097,Foundry One,5.7,4.7,5.0,4.9,5.8,5.8,5.3,6.3,0.528
R0098,Aster Run,7.0,4.4,6.2,5.2,4.2,6.0,5.9,5.1,1.204
R0098,Northloop,5.1,5.4,5.0,6.2,5.1,4.7,4.6,6.1,1.204
R0098,Morrow Pace,5.3,6.1,5.0,3.4,4.1,5.6,4.6,3.1,1.204
R0098,Ember Trail,5.9,4.9,4.9,3.8,5.6,4.9,5.3,4.6,1.204
R0098,Luma Court,5.8,4.9,6.0,5.9,5.7,5.0,4.3,5.3,1.204
R0098,Foundry One,6.9,4.4,4.7,4.7,5.7,4.9,4.8,6.1,1.204
R0099,Aster Run,6.3,5.3,6.6,5.0,4.2,5.3,5.9,5.3,0.902
R0099,Northloop,5.6,5.3,5.6,5.8,5.2,5.6,5.8,6.0,0.902
R0099,Morrow Pace,5.3,6.5,5.2,3.8,4.6,6.1,4.8,3.6,0.902
R0099,Ember Trail,5.3,5.7,5.9,4.0,4.8,5.2,4.9,4.8,0.902
R0099,Luma Court,5.6,5.5,6.1,7.0,5.7,4.7,4.8,5.3,0.902
R0099,Foundry One,6.3,4.3,4.0,5.0,5.4,6.3,4.9,6.5,0.902
R0100,Aster Run,5.8,4.7,5.9,4.5,3.6,6.2,6.3,3.8,1.165
R0100,Northloop,5.6,4.7,5.1,6.2,3.4,5.8,4.5,5.2,1.165
R0100,Morrow Pace,5.3,6.2,4.9,4.0,4.8,6.1,4.7,3.7,1.165
R0100,Ember Trail,5.6,3.9,4.6,4.8,5.2,4.5,5.0,4.6,1.165
R0100,Luma Court,4.4,4.7,5.6,5.7,5.1,4.4,4.3,4.7,1.165
R0100,Foundry One,6.0,3.9,3.9,5.0,4.4,5.8,5.5,5.6,1.165
R0101,Aster Run,6.0,4.7,5.8,6.0,3.8,4.8,6.1,5.1,0.973
R0101,Northloop,5.6,4.4,5.9,6.2,5.1,5.2,6.4,5.5,0.973
R0101,Morrow Pace,4.6,6.2,4.0,4.2,4.7,6.4,4.7,3.8,0.973
R0101,Ember Trail,6.3,5.7,6.0,4.9,6.6,5.7,6.9,4.3,0.973
R0101,Luma Court,5.1,5.3,5.7,6.5,5.3,4.2,4.4,5.5,0.973
R0101,Foundry One,6.1,4.6,4.1,4.5,5.7,5.6,5.0,5.9,0.973
R0102,Aster Run,5.5,4.0,5.2,5.1,4.5,5.6,5.6,5.2,1.472
R0102,Northloop,4.6,4.4,4.5,4.7,3.3,5.2,4.3,4.4,1.472
R0102,Morrow Pace,5.5,5.8,3.6,3.8,4.2,5.9,4.5,3.7,1.472
R0102,Ember Trail,5.3,4.5,4.6,3.0,5.1,5.5,6.2,4.2,1.472
R0102,Luma Court,4.5,4.5,5.2,4.8,4.3,3.2,3.1,4.7,1.472
R0102,Foundry One,6.2,3.7,4.5,4.5,5.3,5.4,5.2,5.1,1.472
R0103,Aster Run,6.3,5.5,6.4,5.2,5.2,5.3,6.7,4.8,0.709
R0103,Northloop,5.7,6.0,6.0,5.5,4.6,5.8,5.4,5.6,0.709
R0103,Morrow Pace,6.1,5.6,4.8,4.1,4.7,6.2,4.9,4.1,0.709
R0103,Ember Trail,6.4,5.7,5.3,4.7,6.3,5.7,6.7,5.7,0.709
R0103,Luma Court,5.5,5.3,5.8,5.6,5.6,6.0,5.9,5.3,0.709
R0103,Foundry One,6.7,4.0,4.6,4.5,5.7,5.6,6.1,6.9,0.709
R0104,Aster Run,6.8,4.6,6.3,5.8,4.4,5.5,6.0,4.7,1.001
R0104,Northloop,6.0,4.6,5.1,6.1,4.5,5.6,5.1,5.5,1.001
R0104,Morrow Pace,5.1,6.5,4.5,2.9,4.3,5.6,4.5,3.5,1.001
R0104,Ember Trail,6.2,4.4,5.9,4.2,6.1,5.7,6.2,5.2,1.001
R0104,Luma Court,5.4,5.2,5.9,6.1,5.5,5.5,4.2,4.8,1.001
R0104,Foundry One,6.5,4.1,4.8,5.0,5.2,5.9,5.2,6.1,1.001
R0105,Aster Run,6.0,5.0,6.6,4.8,3.4,5.3,6.9,5.2,0.805
R0105,Northloop,6.7,5.4,5.1,5.8,3.9,5.6,4.3,6.3,0.805
R0105,Morrow Pace,5.6,6.1,4.5,4.7,4.3,6.1,4.9,4.4,0.805
R0105,Ember Trail,6.1,4.0,4.5,4.1,5.6,5.2,5.5,4.4,0.805
R0105,Luma Court,5.3,6.2,4.5,5.1,4.5,4.8,4.5,4.4,0.805
R0105,Foundry One,6.1,3.6,4.1,4.9,5.3,4.9,5.0,6.7,0.805
R0106,Aster Run,6.8,4.5,6.5,4.9,5.0,6.9,6.9,5.2,0.773
R0106,Northloop,5.4,5.5,5.4,6.4,4.9,5.4,5.8,5.3,0.773
R0106,Morrow Pace,6.1,5.7,4.0,4.7,4.2,6.5,5.3,3.4,0.773
R0106,Ember Trail,5.9,4.2,5.2,4.1,6.3,5.9,6.8,4.9,0.773
R0106,Luma Court,4.9,5.6,5.4,5.5,5.4,4.8,4.9,5.9,0.773
R0106,Foundry One,6.7,3.4,3.6,5.2,5.6,5.7,5.7,6.3,0.773
R0107,Aster Run,7.0,5.2,6.8,5.5,4.7,6.2,6.5,6.0,0.781
R0107,Northloop,6.0,5.6,6.3,6.9,5.1,6.0,5.3,6.8,0.781
R0107,Morrow Pace,5.6,6.2,4.4,4.7,5.6,6.1,5.4,3.9,0.781
R0107,Ember Trail,6.1,5.1,5.6,5.2,6.3,5.6,6.6,4.5,0.781
R0107,Luma Court,5.7,6.5,6.5,6.6,6.2,5.8,6.0,5.2,0.781
R0107,Foundry One,6.2,3.6,4.1,5.7,6.6,6.2,5.1,6.6,0.781
R0108,Aster Run,6.2,5.0,6.8,5.7,4.8,5.4,5.8,5.2,0.751
R0108,Northloop,6.0,5.4,5.4,6.9,5.1,5.3,4.7,5.9,0.751
R0108,Morrow Pace,6.0,5.5,4.2,3.9,4.3,5.7,5.4,2.8,0.751
R0108,Ember Trail,6.6,5.2,5.4,4.5,6.2,5.9,6.6,4.2,0.751
R0108,Luma Court,4.7,5.0,6.0,6.2,5.2,5.1,4.6,6.0,0.751
R0108,Foundry One,5.1,3.5,4.1,4.4,5.4,6.2,4.8,5.5,0.751
R0109,Aster Run,6.5,5.2,6.2,4.9,3.4,5.6,6.2,5.1,0.962
R0109,Northloop,4.9,4.7,5.4,5.7,4.7,5.6,4.9,5.7,0.962
R0109,Morrow Pace,4.8,5.6,4.6,4.2,3.7,6.2,4.5,3.8,0.962
R0109,Ember Trail,5.8,4.0,4.6,4.1,6.0,4.9,5.9,4.6,0.962
R0109,Luma Court,4.9,4.9,5.3,5.0,4.7,4.3,4.7,5.5,0.962
R0109,Foundry One,6.0,3.3,4.9,3.8,5.7,5.4,5.4,6.0,0.962
R0110,Aster Run,6.2,5.7,5.8,6.1,5.2,5.9,7.0,4.9,0.553
R0110,Northloop,6.2,6.5,5.6,6.7,6.0,6.3,5.3,5.5,0.553
R0110,Morrow Pace,5.3,6.8,6.2,3.5,4.9,6.7,5.6,4.3,0.553
R0110,Ember Trail,6.1,5.8,5.0,4.1,5.8,5.8,7.0,4.9,0.553
R0110,Luma Court,4.7,5.3,5.8,6.7,5.4,4.7,4.5,6.8,0.553
R0110,Foundry One,6.5,4.2,4.7,4.9,5.9,5.6,6.6,6.9,0.553
R0111,Aster Run,6.6,4.4,6.7,5.6,4.6,5.9,6.3,5.6,1.54
R0111,Northloop,6.1,5.7,4.7,5.2,5.5,5.5,5.3,5.6,1.54
R0111,Morrow Pace,4.8,6.6,4.8,4.7,5.6,6.0,5.0,3.9,1.54
R0111,Ember Trail,6.2,5.0,5.9,4.2,6.4,6.3,6.2,5.2,1.54
R0111,Luma Court,4.6,5.5,6.4,6.2,5.5,5.1,4.6,5.0,1.54
R0111,Foundry One,7.0,4.0,4.7,5.6,6.1,6.2,5.6,6.8,1.54
R0112,Aster Run,6.2,4.4,6.0,4.7,3.7,5.5,5.8,4.4,0.924
R0112,Northloop,5.1,5.2,4.7,6.0,4.3,4.6,5.1,4.5,0.924
R0112,Morrow Pace,4.0,5.4,3.7,3.5,4.1,5.2,4.7,2.3,0.924
R0112,Ember Trail,5.7,5.0,5.2,3.9,5.5,4.7,5.7,3.9,0.924
R0112,Luma Court,4.8,5.6,6.2,6.4,4.8,4.7,3.4,5.3,0.924
R0112,Foundry One,5.3,3.5,3.7,4.5,5.6,5.0,4.3,6.2,0.924
R0113,Aster Run,6.4,4.7,6.2,5.6,4.8,5.5,6.9,5.1,1.073
R0113,Northloop,5.5,5.4,5.4,6.7,5.3,5.5,5.1,6.2,1.073
R0113,Morrow Pace,4.1,5.3,3.9,3.7,4.0,5.1,4.4,3.6,1.073
R0113,Ember Trail,4.7,5.0,4.9,2.8,6.0,5.5,6.0,4.6,1.073
R0113,Luma Court,4.0,5.2,5.0,4.7,5.1,5.1,4.2,5.1,1.073
R0113,Foundry One,5.8,3.2,4.0,4.2,4.9,4.7,4.4,5.0,1.073
R0114,Aster Run,6.4,3.9,6.5,4.9,4.3,6.0,6.4,5.2,0.755
R0114,Northloop,5.4,4.6,5.7,6.1,4.1,4.9,5.6,6.1,0.755
R0114,Morrow Pace,5.7,6.0,5.6,4.2,4.4,6.1,4.9,3.8,0.755
R0114,Ember Trail,6.8,4.4,5.8,4.3,6.9,5.5,6.8,5.5,0.755
R0114,Luma Court,5.1,5.1,6.4,5.7,4.7,4.9,4.7,5.8,0.755
R0114,Foundry One,6.4,3.8,4.3,4.0,5.3,6.5,5.6,6.3,0.755
R0115,Aster Run,5.6,4.4,5.5,4.1,4.3,6.5,6.5,4.5,0.96
R0115,Northloop,5.3,5.6,4.8,6.1,4.5,6.1,5.2,6.1,0.96
R0115,Morrow Pace,5.1,5.4,3.4,3.7,4.3,6.7,5.4,3.5,0.96
R0115,Ember Trail,5.0,5.3,5.0,4.5,6.1,5.6,6.5,5.5,0.96
R0115,Luma Court,4.7,5.5,5.0,6.6,4.9,4.9,4.9,5.1,0.96
R0115,Foundry One,5.9,3.9,3.7,4.0,6.0,6.0,4.9,5.9,0.96
R0116,Aster Run,6.2,6.2,6.9,5.7,4.8,5.8,6.7,5.9,0.844
R0116,Northloop,6.0,5.9,6.3,6.2,4.9,5.2,5.2,6.2,0.844
R0116,Morrow Pace,5.0,7.0,5.1,3.7,5.4,7.0,5.5,4.6,0.844
R0116,Ember Trail,4.9,5.2,4.6,4.5,6.4,4.9,6.3,4.6,0.844
R0116,Luma Court,4.4,5.6,5.7,6.8,5.7,5.8,5.2,6.6,0.844
R0116,Foundry One,6.8,4.7,4.2,5.1,6.4,6.8,5.7,6.6,0.844
R0117,Aster Run,6.9,4.5,7.0,5.4,5.2,6.6,6.4,6.1,0.823
R0117,Northloop,6.5,5.6,6.0,6.3,5.6,5.8,6.6,6.2,0.823
R0117,Morrow Pace,5.8,6.3,4.8,4.5,4.9,6.6,5.5,4.0,0.823
R0117,Ember Trail,6.9,4.6,5.6,4.6,6.7,6.0,6.5,5.7,0.823
R0117,Luma Court,5.9,5.1,6.5,6.6,5.9,6.2,4.7,6.3,0.823
R0117,Foundry One,6.8,5.0,4.8,5.3,6.8,5.9,5.4,7.0,0.823
R0118,Aster Run,5.5,4.1,5.2,4.2,4.1,4.6,5.4,4.7,0.764
R0118,Northloop,5.2,5.5,5.1,5.4,4.4,6.1,4.7,4.7,0.764
R0118,Morrow Pace,5.9,6.4,4.1,3.5,4.9,5.5,5.0,3.6,0.764
R0118,Ember Trail,4.5,4.5,4.0,3.5,5.2,4.8,5.8,5.0,0.764
R0118,Luma Court,5.0,5.8,5.1,5.9,4.8,5.0,3.7,5.5,0.764
R0118,Foundry One,6.3,5.2,4.8,5.2,5.8,6.2,5.1,7.0,0.764
R0119,Aster Run,6.4,4.0,6.6,5.2,4.6,5.3,6.2,5.1,1.247
R0119,Northloop,6.0,5.3,4.9,6.4,4.7,5.2,5.0,5.7,1.247
R0119,Morrow Pace,4.9,5.5,4.9,3.8,4.5,5.4,4.9,3.7,1.247
R0119,Ember Trail,7.0,5.4,5.8,4.7,5.8,6.7,6.3,5.3,1.247
R0119,Luma Court,5.0,6.0,5.6,6.1,5.9,5.5,4.6,5.5,1.247
R0119,Foundry One,6.3,4.9,5.1,5.4,6.0,5.9,5.3,6.5,1.247
R0120,Aster Run,6.6,4.4,6.0,5.0,4.0,5.7,6.0,5.7,1.18
R0120,Northloop,6.3,5.2,4.7,6.1,4.8,5.5,5.6,6.1,1.18
R0120,Morrow Pace,6.1,6.0,4.2,3.8,4.8,6.8,5.4,3.9,1.18
R0120,Ember Trail,6.1,5.7,5.1,5.1,5.9,5.9,6.2,5.0,1.18
R0120,Luma Court,5.1,5.4,5.5,5.6,4.8,4.3,4.1,6.2,1.18
R0120,Foundry One,6.4,4.2,4.5,5.4,5.2,5.9,5.4,7.0,1.18
R0121,Aster Run,5.6,5.0,5.8,4.2,3.6,5.4,5.4,3.9,0.998
R0121,Northloop,4.9,5.0,5.1,6.9,5.4,5.8,5.4,5.1,0.998
R0121,Morrow Pace,5.3,6.9,4.8,4.2,5.0,5.8,5.0,4.5,0.998
R0121,Ember Trail,5.4,4.8,5.0,4.0,6.0,6.0,5.7,4.2,0.998
R0121,Luma Court,4.9,6.0,5.8,6.3,5.1,4.8,3.9,5.4,0.998
R0121,Foundry One,4.6,4.4,4.5,4.3,5.9,4.8,5.2,5.7,0.998
R0122,Aster Run,5.9,4.2,5.5,5.3,3.9,6.1,6.1,5.5,1.006
R0122,Northloop,5.7,4.4,4.4,6.5,3.6,5.5,5.5,5.3,1.006
R0122,Morrow Pace,5.5,5.6,4.1,3.9,4.6,5.8,5.2,3.8,1.006
R0122,Ember Trail,6.5,5.6,4.8,4.8,5.9,5.5,6.4,5.0,1.006
R0122,Luma Court,5.9,5.6,5.1,6.0,5.7,5.3,4.9,5.7,1.006
R0122,Foundry One,5.9,4.1,3.6,5.2,6.0,5.6,6.1,6.1,1.006
R0123,Aster Run,6.9,4.7,5.5,5.7,4.1,5.7,5.8,4.8,0.646
R0123,Northloop,5.7,5.7,5.6,6.6,4.8,5.1,5.1,6.5,0.646
R0123,Morrow Pace,4.8,7.0,4.3,3.8,4.1,5.6,5.2,3.9,0.646
R0123,Ember Trail,5.3,4.2,4.6,5.1,5.8,4.7,6.4,4.3,0.646
R0123,Luma Court,5.0,6.4,6.0,5.8,5.1,4.7,3.7,6.1,0.646
R0123,Foundry One,5.9,4.9,4.2,5.7,6.4,5.9,6.1,6.7,0.646
R0124,Aster Run,5.8,4.7,6.2,6.0,3.2,5.4,5.9,5.2,1.507
R0124,Northloop,4.7,5.6,5.4,6.1,5.2,5.7,4.6,5.4,1.507
R0124,Morrow Pace,4.9,6.2,4.0,4.5,5.3,5.9,4.5,3.7,1.507
R0124,Ember Trail,6.1,5.7,4.9,5.4,5.2,6.0,5.8,4.7,1.507
R0124,Luma Court,5.3,5.3,4.8,6.3,6.0,4.9,4.1,5.6,1.507
R0124,Foundry One,6.0,4.1,4.6,4.8,5.9,5.8,4.3,6.0,1.507
R0125,Aster Run,6.4,4.7,6.2,5.4,4.1,5.8,5.8,5.2,1.138
R0125,Northloop,6.0,5.8,4.8,6.4,4.7,5.7,4.7,6.3,1.138
R0125,Morrow Pace,4.8,5.8,3.2,4.9,4.8,6.3,5.0,3.1,1.138
R0125,Ember Trail,5.6,5.0,4.6,4.3,6.0,5.9,6.4,4.3,1.138
R0125,Luma Court,4.8,5.2,5.1,6.0,4.7,4.6,4.1,4.7,1.138
R0125,Foundry One,6.6,3.9,4.4,5.2,5.4,6.0,5.9,6.4,1.138
R0126,Aster Run,6.0,4.3,5.3,5.3,3.6,5.6,5.6,5.3,0.565
R0126,Northloop,5.8,5.0,5.2,6.4,4.9,5.1,3.9,6.2,0.565
R0126,Morrow Pace,5.6,5.7,4.4,4.0,5.3,6.0,3.8,3.4,0.565
R0126,Ember Trail,6.1,5.3,4.8,4.3,7.0,4.9,5.7,4.9,0.565
R0126,Luma Court,4.7,5.0,5.5,6.3,5.4,4.9,4.2,5.8,0.565
R0126,Foundry One,7.0,3.9,3.8,5.3,6.4,5.9,5.0,6.6,0.565
R0127,Aster Run,5.9,4.3,6.3,5.2,3.6,6.4,5.8,5.2,1.295
R0127,Northloop,5.3,5.1,5.8,6.3,4.5,4.9,5.2,6.4,1.295
R0127,Morrow Pace,5.0,5.3,3.9,4.4,4.6,5.9,4.8,3.0,1.295
R0127,Ember Trail,5.4,5.1,4.6,3.9,5.1,4.9,6.2,4.9,1.295
R0127,Luma Court,4.4,4.3,6.1,6.8,5.1,4.6,4.0,5.4,1.295
R0127,Foundry One,6.0,3.6,3.9,4.2,4.4,4.5,5.1,6.4,1.295
R0128,Aster Run,5.9,5.5,7.0,5.4,4.6,5.2,6.0,5.4,1.265
R0128,Northloop,5.3,5.3,5.5,6.9,4.8,5.2,5.2,6.5,1.265
R0128,Morrow Pace,5.3,5.2,4.3,4.9,4.5,6.4,5.4,3.4,1.265
R0128,Ember Trail,5.6,5.3,5.5,4.6,6.3,6.5,6.7,4.9,1.265
R0128,Luma Court,4.2,4.9,5.3,6.6,5.3,4.8,4.7,5.1,1.265
R0128,Foundry One,5.8,4.0,4.2,4.9,6.6,6.7,5.0,6.1,1.265
R0129,Aster Run,6.0,4.6,5.9,5.6,4.4,5.6,5.8,4.5,0.908
R0129,Northloop,6.1,4.4,5.1,6.0,4.6,4.5,4.5,6.8,0.908
R0129,Morrow Pace,5.3,6.1,4.9,4.4,4.7,6.1,5.3,2.8,0.908
R0129,Ember Trail,5.7,4.3,5.3,4.9,5.6,5.5,5.5,4.1,0.908
R0129,Luma Court,4.4,5.2,6.2,6.5,4.9,4.9,5.0,5.6,0.908
R0129,Foundry One,7.0,3.4,5.2,4.9,5.9,5.1,5.4,5.5,0.908
R0130,Aster Run,6.4,5.2,5.9,5.9,4.6,5.9,6.6,5.6,0.867
R0130,Northloop,5.8,6.0,5.4,7.0,4.9,5.2,4.9,5.3,0.867
R0130,Morrow Pace,5.3,6.3,3.9,4.9,4.7,6.5,4.2,3.1,0.867
R0130,Ember Trail,5.8,5.5,5.9,4.6,6.4,5.5,6.0,4.9,0.867
R0130,Luma Court,5.3,5.3,5.2,6.5,5.7,4.1,4.2,5.1,0.867
R0130,Foundry One,6.6,4.4,4.5,6.1,5.8,5.1,5.2,5.4,0.867
R0131,Aster Run,5.6,4.7,6.4,6.7,4.6,5.2,6.3,5.5,0.706
R0131,Northloop,6.0,4.6,6.0,6.4,5.8,4.2,5.6,6.3,0.706
R0131,Morrow Pace,5.6,6.2,4.7,4.6,5.0,5.7,5.0,4.1,0.706
R0131,Ember Trail,5.6,5.1,5.1,3.8,6.4,5.5,6.9,4.3,0.706
R0131,Luma Court,4.2,5.4,6.5,5.7,5.7,4.3,5.3,5.0,0.706
R0131,Foundry One,6.1,4.0,4.5,5.6,5.9,5.2,5.9,5.4,0.706
R0132,Aster Run,6.3,4.8,6.9,5.9,5.7,4.9,6.6,5.5,0.95
R0132,Northloop,6.0,5.0,5.5,6.5,5.7,5.4,4.8,5.9,0.95
R0132,Morrow Pace,5.4,6.1,4.0,3.6,5.9,5.7,4.6,4.1,0.95
R0132,Ember Trail,6.1,5.7,5.3,5.3,6.5,7.0,6.8,5.7,0.95
R0132,Luma Court,4.8,4.4,6.2,6.8,6.5,5.5,4.4,6.4,0.95
R0132,Foundry One,6.4,4.2,4.5,5.8,6.4,6.3,6.5,6.1,0.95
R0133,Aster Run,6.6,5.5,6.5,4.8,4.5,5.7,6.4,4.9,1.055
R0133,Northloop,7.0,6.1,5.5,6.5,4.7,5.6,5.8,5.8,1.055
R0133,Morrow Pace,6.8,6.2,4.2,4.3,4.9,5.9,4.8,3.6,1.055
R0133,Ember Trail,6.5,5.2,5.3,2.9,6.1,5.1,5.6,4.5,1.055
R0133,Luma Court,5.1,6.9,6.0,5.8,5.4,5.2,4.8,5.6,1.055
R0133,Foundry One,7.0,5.5,5.2,4.9,5.7,5.9,5.8,6.3,1.055
R0134,Aster Run,5.6,4.0,6.1,6.1,4.2,5.9,6.6,5.1,0.784
R0134,Northloop,4.8,4.8,5.0,6.7,5.0,4.9,5.0,5.1,0.784
R0134,Morrow Pace,4.4,6.2,4.2,4.8,4.1,6.8,4.8,2.8,0.784
R0134,Ember Trail,5.5,4.1,4.1,4.5,5.0,4.9,6.5,4.0,0.784
R0134,Luma Court,4.2,5.0,5.3,6.3,4.6,5.1,4.0,4.3,0.784
R0134,Foundry One,5.9,4.4,4.3,5.7,6.1,5.2,5.7,6.0,0.784
R0135,Aster Run,7.0,4.7,6.8,5.5,4.1,5.9,6.9,5.3,1.076
R0135,Northloop,6.2,5.2,5.8,6.9,5.6,6.2,5.5,6.1,1.076
R0135,Morrow Pace,6.2,6.9,4.7,4.1,4.9,6.0,4.8,2.4,1.076
R0135,Ember Trail,6.2,5.3,5.1,5.1,5.9,5.4,6.3,5.2,1.076
R0135,Luma Court,5.7,6.0,5.9,6.3,5.6,4.7,5.3,5.9,1.076
R0135,Foundry One,7.0,3.7,4.7,6.2,5.5,7.0,6.4,6.7,1.076
R0136,Aster Run,6.4,5.4,6.0,5.4,4.7,4.2,5.6,5.4,0.62
R0136,Northloop,5.4,4.2,5.1,6.3,5.2,4.6,4.5,5.2,0.62
R0136,Morrow Pace,6.0,6.2,4.9,4.7,4.5,5.8,5.1,3.7,0.62
R0136,Ember Trail,6.0,4.2,5.3,4.3,6.5,4.8,5.8,4.7,0.62
R0136,Luma Court,4.8,5.8,6.6,5.2,5.4,4.6,3.6,5.5,0.62
R0136,Foundry One,7.0,3.8,4.6,4.7,5.3,5.9,5.6,6.5,0.62
R0137,Aster Run,5.7,5.1,6.7,5.4,4.9,6.1,6.1,4.9,1.137
R0137,Northloop,5.3,5.5,5.2,7.0,5.0,6.0,4.5,6.1,1.137
R0137,Morrow Pace,4.5,6.6,5.3,3.9,4.7,6.4,5.2,4.3,1.137
R0137,Ember Trail,6.2,4.9,4.9,4.0,5.2,6.0,4.9,4.9,1.137
R0137,Luma Court,4.8,5.9,6.0,6.0,5.6,5.9,4.3,5.5,1.137
R0137,Foundry One,6.4,4.1,4.1,5.3,6.1,5.9,4.8,7.0,1.137
R0138,Aster Run,7.0,4.3,6.0,5.0,4.2,5.6,7.0,4.8,0.658
R0138,Northloop,5.6,4.5,5.0,6.2,4.2,4.3,4.8,5.4,0.658
R0138,Morrow Pace,5.5,6.0,3.9,4.0,4.7,5.5,5.1,3.4,0.658
R0138,Ember Trail,5.7,4.4,4.2,4.7,5.4,5.0,6.0,4.2,0.658
R0138,Luma Court,5.1,4.9,5.0,5.8,4.9,4.2,4.2,4.2,0.658
R0138,Foundry One,6.4,4.0,5.0,4.6,5.9,5.4,6.2,6.5,0.658
R0139,Aster Run,5.5,4.1,5.6,4.9,4.7,6.6,6.2,5.3,1.011
R0139,Northloop,5.7,4.1,6.4,5.9,4.9,6.6,5.6,5.6,1.011
R0139,Morrow Pace,4.9,5.6,4.4,4.7,5.2,6.9,4.6,4.1,1.011
R0139,Ember Trail,6.4,4.6,5.9,4.8,7.0,6.8,6.1,4.8,1.011
R0139,Luma Court,4.5,4.7,5.3,6.0,5.1,5.4,4.4,5.0,1.011
R0139,Foundry One,5.7,4.0,3.7,5.4,6.3,5.9,5.4,6.6,1.011
R0140,Aster Run,6.0,5.5,7.0,5.5,4.3,5.8,6.5,4.9,0.864
R0140,Northloop,5.6,5.4,5.1,5.8,4.8,4.6,5.0,6.7,0.864
R0140,Morrow Pace,4.4,6.6,5.8,3.6,4.5,6.0,5.8,4.4,0.864
R0140,Ember Trail,6.6,5.1,5.4,3.3,6.3,5.2,6.2,3.7,0.864
R0140,Luma Court,4.8,5.2,6.1,6.0,4.3,5.2,4.2,5.6,0.864
R0140,Foundry One,6.6,4.3,4.7,3.6,5.4,5.5,5.2,5.9,0.864
R0141,Aster Run,5.8,4.0,6.0,5.3,4.3,5.8,5.7,5.2,0.972
R0141,Northloop,6.2,5.3,5.0,6.3,4.9,4.6,5.4,6.0,0.972
R0141,Morrow Pace,4.4,6.2,4.1,3.7,4.9,4.8,4.0,3.9,0.972
R0141,Ember Trail,5.8,4.4,4.5,3.4,6.1,5.4,5.2,4.8,0.972
R0141,Luma Court,4.9,5.3,5.1,5.8,5.1,4.7,4.9,5.3,0.972
R0141,Foundry One,6.1,4.6,3.2,5.0,5.9,5.2,5.8,6.3,0.972
R0142,Aster Run,6.0,5.1,4.8,4.6,3.4,5.4,5.8,4.2,1.3
R0142,Northloop,5.4,5.2,5.8,6.7,4.7,5.7,4.7,5.5,1.3
R0142,Morrow Pace,4.7,6.3,3.7,3.9,3.9,6.0,4.6,3.6,1.3
R0142,Ember Trail,5.2,4.0,4.2,4.4,5.9,5.1,6.1,4.5,1.3
R0142,Luma Court,4.3,4.7,5.3,6.4,4.5,4.9,4.2,5.5,1.3
R0142,Foundry One,5.3,3.9,4.3,4.7,6.1,6.6,4.6,6.3,1.3
R0143,Aster Run,6.4,4.4,6.1,4.8,4.5,5.0,6.0,4.3,0.727
R0143,Northloop,5.5,5.1,4.6,5.4,3.8,5.5,3.9,5.2,0.727
R0143,Morrow Pace,5.1,6.5,4.5,4.6,3.9,5.9,5.5,3.9,0.727
R0143,Ember Trail,5.2,5.0,4.8,4.4,5.1,3.8,5.8,4.2,0.727
R0143,Luma Court,3.8,4.7,4.5,6.1,4.5,4.8,4.9,4.7,0.727
R0143,Foundry One,5.9,4.1,4.2,4.8,5.6,5.3,4.7,5.4,0.727
R0144,Aster Run,6.5,5.3,6.8,6.9,4.2,5.0,6.5,5.4,0.898
R0144,Northloop,5.7,5.6,5.2,6.5,3.8,5.6,5.3,5.9,0.898
R0144,Morrow Pace,5.3,6.4,4.3,5.2,3.7,5.6,6.0,3.9,0.898
R0144,Ember Trail,6.0,4.9,4.9,5.3,6.0,5.6,7.0,4.2,0.898
R0144,Luma Court,5.4,6.5,5.7,6.6,5.8,4.5,4.7,5.7,0.898
R0144,Foundry One,7.0,4.9,5.4,5.5,5.8,5.7,6.2,7.0,0.898
R0145,Aster Run,7.0,5.1,6.7,5.5,4.8,5.5,6.8,5.7,0.899
R0145,Northloop,6.7,5.8,5.9,6.6,6.0,6.1,5.7,7.0,0.899
R0145,Morrow Pace,5.3,5.9,4.1,4.7,4.7,6.2,5.4,4.0,0.899
R0145,Ember Trail,6.5,5.4,5.1,5.0,6.6,5.9,6.3,5.3,0.899
R0145,Luma Court,5.0,5.9,5.7,6.5,6.2,5.0,5.2,6.0,0.899
R0145,Foundry One,6.8,4.3,4.2,6.2,6.5,5.8,6.3,7.0,0.899
R0146,Aster Run,5.0,4.8,5.7,4.3,3.5,6.2,6.8,4.4,1.208
R0146,Northloop,5.0,5.3,4.8,6.1,4.0,5.4,5.4,5.5,1.208
R0146,Morrow Pace,4.8,6.0,4.5,4.9,4.5,6.2,5.5,3.3,1.208
R0146,Ember Trail,5.7,4.9,5.8,3.8,6.7,5.9,6.5,4.6,1.208
R0146,Luma Court,6.0,5.5,5.6,6.4,6.3,4.8,5.5,5.3,1.208
R0146,Foundry One,6.0,3.8,3.3,3.7,6.3,4.6,5.6,5.8,1.208
R0147,Aster Run,5.5,4.2,5.7,5.7,4.4,5.6,6.3,5.1,0.935
R0147,Northloop,4.2,4.3,4.8,6.1,4.2,5.0,4.8,4.4,0.935
R0147,Morrow Pace,4.0,5.7,3.5,3.9,4.4,5.0,4.5,3.7,0.935
R0147,Ember Trail,5.7,5.2,5.2,4.3,5.1,5.4,5.7,4.8,0.935
R0147,Luma Court,4.4,6.1,4.6,6.3,4.6,4.3,4.8,5.6,0.935
R0147,Foundry One,5.5,4.8,4.1,3.7,5.5,5.9,5.1,6.4,0.935
R0148,Aster Run,6.2,5.3,6.5,6.1,5.2,6.7,6.4,5.8,0.989
R0148,Northloop,6.3,6.0,5.6,6.6,5.7,5.9,5.5,7.0,0.989
R0148,Morrow Pace,5.2,7.0,4.9,4.9,5.0,7.0,5.4,4.3,0.989
R0148,Ember Trail,6.9,5.8,6.2,4.7,6.1,6.9,6.7,5.8,0.989
R0148,Luma Court,5.3,5.9,6.7,6.4,5.1,6.0,4.8,6.1,0.989
R0148,Foundry One,7.0,5.7,5.3,6.1,6.6,7.0,6.9,7.0,0.989
R0149,Aster Run,6.6,4.3,6.9,5.7,4.0,6.5,5.7,4.6,0.507
R0149,Northloop,6.1,5.9,7.0,7.0,5.2,5.5,4.9,6.0,0.507
R0149,Morrow Pace,5.8,6.6,5.5,4.7,4.5,7.0,4.7,3.6,0.507
R0149,Ember Trail,6.3,3.9,5.9,5.0,5.9,6.2,6.9,4.3,0.507
R0149,Luma Court,5.5,5.2,5.8,5.9,5.7,4.5,4.1,4.7,0.507
R0149,Foundry One,7.0,3.3,5.2,5.3,5.9,6.0,5.8,6.0,0.507
R0150,Aster Run,6.2,5.1,6.4,5.6,4.6,6.1,7.0,5.9,1.034
R0150,Northloop,5.4,6.1,5.1,6.3,5.2,4.5,4.2,5.8,1.034
R0150,Morrow Pace,5.8,6.6,4.3,3.5,4.7,6.7,4.6,3.9,1.034
R0150,Ember Trail,5.7,4.9,4.9,4.2,6.1,5.4,5.6,4.0,1.034
R0150,Luma Court,5.1,5.4,6.3,5.9,5.9,4.9,4.5,5.0,1.034
R0150,Foundry One,6.5,2.8,4.1,4.6,4.9,5.3,5.4,6.5,1.034
R0151,Aster Run,5.9,3.9,7.0,4.8,4.4,5.8,6.2,4.1,1.161
R0151,Northloop,5.7,6.3,6.0,6.2,5.2,5.9,5.5,5.7,1.161
R0151,Morrow Pace,5.3,5.8,3.8,4.3,5.0,6.2,5.2,4.1,1.161
R0151,Ember Trail,5.8,4.6,4.6,3.9,5.8,6.4,6.3,4.0,1.161
R0151,Luma Court,5.0,5.1,6.7,6.1,5.2,6.0,4.3,5.7,1.161
R0151,Foundry One,5.7,3.7,4.7,4.2,5.8,5.3,5.3,5.7,1.161
R0152,Aster Run,5.5,4.3,6.6,5.5,3.9,5.7,6.2,5.4,0.755
R0152,Northloop,6.5,5.5,5.7,7.0,4.6,6.1,5.1,6.1,0.755
R0152,Morrow Pace,5.5,5.7,4.7,4.0,3.8,5.7,4.6,3.4,0.755
R0152,Ember Trail,6.7,5.0,4.4,5.1,5.1,6.1,5.7,4.1,0.755
R0152,Luma Court,5.6,5.2,5.5,5.7,5.3,4.3,4.8,5.7,0.755
R0152,Foundry One,6.6,4.3,4.9,4.5,5.9,5.8,4.9,6.3,0.755
R0153,Aster Run,6.3,5.0,5.5,5.3,4.0,6.2,6.9,4.6,0.811
R0153,Northloop,5.6,5.5,4.5,6.1,4.5,5.0,4.6,5.7,0.811
R0153,Morrow Pace,5.8,5.9,4.6,4.7,4.9,6.1,5.5,2.9,0.811
R0153,Ember Trail,5.8,5.2,4.6,4.4,5.7,4.9,5.9,3.1,0.811
R0153,Luma Court,4.2,5.3,5.2,5.6,5.5,4.1,3.4,4.3,0.811
R0153,Foundry One,5.9,4.9,4.1,4.6,5.7,5.6,5.4,5.9,0.811
R0154,Aster Run,6.4,5.0,5.9,3.9,4.6,6.3,6.4,5.7,1.771
R0154,Northloop,4.8,4.3,4.3,5.4,4.4,5.1,4.3,6.1,1.771
R0154,Morrow Pace,4.3,6.4,4.5,3.0,4.1,5.2,5.1,3.9,1.771
R0154,Ember Trail,4.5,4.2,4.3,3.8,5.2,4.9,5.1,4.4,1.771
R0154,Luma Court,4.1,5.2,5.5,5.2,4.9,4.7,4.1,5.0,1.771
R0154,Foundry One,5.7,4.1,3.7,4.1,5.2,6.1,5.6,5.5,1.771
R0155,Aster Run,5.7,4.9,7.0,6.7,4.6,6.4,6.4,5.2,1.278
R0155,Northloop,4.8,4.0,4.7,6.1,4.3,5.2,5.1,6.1,1.278
R0155,Morrow Pace,5.0,5.8,4.6,4.4,4.9,6.1,5.5,3.1,1.278
R0155,Ember Trail,6.2,4.9,4.3,4.8,5.8,6.7,5.8,5.1,1.278
R0155,Luma Court,4.9,5.5,6.2,6.5,5.6,4.3,5.5,5.3,1.278
R0155,Foundry One,6.2,4.0,3.9,4.6,5.7,4.9,4.8,6.9,1.278
R0156,Aster Run,6.4,4.5,5.8,4.9,3.8,6.5,6.4,5.3,1.053
R0156,Northloop,5.4,5.3,5.2,6.5,4.5,5.9,4.8,6.3,1.053
R0156,Morrow Pace,4.4,6.1,4.0,4.3,5.0,5.6,4.9,4.3,1.053
R0156,Ember Trail,5.3,5.2,4.8,3.9,5.7,6.5,6.0,3.9,1.053
R0156,Luma Court,5.3,5.6,5.7,5.6,4.4,4.3,4.4,4.5,1.053
R0156,Foundry One,6.2,4.2,3.5,4.5,5.4,5.6,4.8,6.7,1.053
R0157,Aster Run,6.6,5.2,6.5,5.2,4.4,6.4,7.0,4.9,0.854
R0157,Northloop,5.8,5.2,5.5,5.7,5.5,5.8,5.1,5.9,0.854
R0157,Morrow Pace,4.9,5.9,5.0,3.9,3.9,6.3,4.9,3.6,0.854
R0157,Ember Trail,6.8,5.2,5.1,4.7,6.9,5.2,6.3,5.7,0.854
R0157,Luma Court,5.6,5.1,6.8,6.0,4.8,4.9,5.9,5.5,0.854
R0157,Foundry One,6.8,4.4,4.4,5.0,5.6,5.7,5.3,6.8,0.854
R0158,Aster Run,6.6,5.4,6.6,5.5,5.3,6.2,6.5,6.3,0.878
R0158,Northloop,6.2,5.4,5.3,6.7,4.5,5.8,4.6,5.6,0.878
R0158,Morrow Pace,5.6,6.6,3.9,4.2,5.2,5.8,4.8,4.6,0.878
R0158,Ember Trail,5.7,5.4,5.0,4.7,6.4,6.2,6.7,4.6,0.878
R0158,Luma Court,4.7,6.8,6.0,5.6,6.2,5.2,4.8,6.1,0.878
R0158,Foundry One,6.6,4.3,4.3,4.8,5.3,5.4,5.1,7.0,0.878
R0159,Aster Run,6.5,4.6,6.3,5.4,3.8,6.2,6.5,6.0,1.023
R0159,Northloop,5.5,5.0,5.0,6.6,5.3,5.0,4.5,6.1,1.023
R0159,Morrow Pace,5.8,6.5,4.9,4.4,4.9,5.7,5.1,3.4,1.023
R0159,Ember Trail,6.2,4.2,4.9,4.2,5.9,5.2,6.0,4.0,1.023
R0159,Luma Court,5.4,5.5,5.0,6.2,6.0,4.8,4.8,4.7,1.023
R0159,Foundry One,6.3,4.0,4.7,5.8,6.4,5.9,5.6,6.1,1.023
R0160,Aster Run,6.7,5.4,7.0,5.8,4.9,6.0,6.9,6.1,1.106
R0160,Northloop,5.5,4.9,6.0,6.3,5.3,6.5,5.1,6.2,1.106
R0160,Morrow Pace,5.3,6.5,5.5,4.8,4.7,5.6,5.4,4.1,1.106
R0160,Ember Trail,6.1,5.0,5.2,4.2,6.5,5.8,7.0,5.8,1.106
R0160,Luma Court,4.8,6.6,6.9,6.2,6.5,4.9,5.8,6.3,1.106
R0160,Foundry One,6.2,3.6,4.9,5.1,7.0,5.7,5.8,6.3,1.106
R0161,Aster Run,5.9,4.3,5.8,5.2,3.7,5.4,5.5,4.5,0.927
R0161,Northloop,5.7,5.0,5.0,5.8,3.9,5.6,4.9,5.3,0.927
R0161,Morrow Pace,4.7,6.6,3.9,3.6,4.1,6.3,5.3,3.3,0.927
R0161,Ember Trail,5.6,4.8,5.4,4.2,6.0,6.0,6.2,4.6,0.927
R0161,Luma Court,4.9,5.6,5.8,6.0,4.4,5.1,5.5,5.2,0.927
R0161,Foundry One,6.3,4.1,5.0,4.4,5.8,5.7,5.0,6.2,0.927
R0162,Aster Run,6.4,6.4,6.8,6.0,3.6,6.2,6.2,5.8,1.585
R0162,Northloop,6.0,5.7,5.8,6.7,6.5,6.7,5.3,6.0,1.585
R0162,Morrow Pace,5.5,6.8,4.4,4.2,5.2,6.1,5.5,4.0,1.585
R0162,Ember Trail,6.3,5.9,5.9,5.9,6.4,5.5,6.1,5.0,1.585
R0162,Luma Court,6.3,6.2,5.8,7.0,5.7,5.5,5.3,6.1,1.585
R0162,Foundry One,6.6,4.2,5.0,5.9,6.9,6.3,5.4,7.0,1.585
R0163,Aster Run,6.2,5.0,5.9,5.9,4.4,6.3,6.4,5.0,1.145
R0163,Northloop,5.9,6.0,5.2,6.5,5.1,4.7,5.6,5.7,1.145
R0163,Morrow Pace,4.2,6.5,4.5,5.0,4.9,5.8,4.6,4.3,1.145
R0163,Ember Trail,5.7,4.8,4.5,5.3,5.4,5.2,5.9,4.0,1.145
R0163,Luma Court,4.8,5.0,5.8,5.9,4.2,4.6,3.6,4.7,1.145
R0163,Foundry One,6.4,4.1,4.2,5.0,5.0,5.8,5.0,6.6,1.145
R0164,Aster Run,5.5,4.4,6.3,5.5,3.5,6.2,6.0,4.7,1.088
R0164,Northloop,5.1,5.2,5.3,6.6,4.7,5.3,4.6,5.4,1.088
R0164,Morrow Pace,4.9,6.0,4.2,4.3,4.2,5.6,4.5,2.9,1.088
R0164,Ember Trail,6.3,5.1,4.9,4.3,6.3,5.3,5.6,4.7,1.088
R0164,Luma Court,4.2,5.6,5.7,5.9,4.4,4.4,4.0,5.5,1.088
R0164,Foundry One,5.2,4.2,3.4,5.2,4.8,5.3,4.9,6.6,1.088
R0165,Aster Run,5.1,4.7,5.0,4.2,4.0,5.4,5.7,4.9,0.802
R0165,Northloop,4.0,5.5,4.8,5.6,4.3,5.3,4.9,5.1,0.802
R0165,Morrow Pace,4.0,5.6,3.9,3.6,3.0,6.3,3.7,2.9,0.802
R0165,Ember Trail,4.8,4.4,4.9,4.0,5.0,5.0,5.9,3.3,0.802
R0165,Luma Court,3.8,5.0,4.7,5.5,4.2,4.9,3.5,4.1,0.802
R0165,Foundry One,5.6,3.7,3.7,4.7,4.9,5.0,4.7,4.9,0.802
R0166,Aster Run,5.5,4.6,5.8,5.6,4.6,6.1,7.0,4.7,0.964
R0166,Northloop,5.7,5.4,5.3,6.2,4.3,5.8,4.4,5.8,0.964
R0166,Morrow Pace,5.6,6.3,4.2,5.0,4.9,5.9,4.7,2.9,0.964
R0166,Ember Trail,5.3,4.9,5.8,5.0,6.0,6.7,5.9,5.6,0.964
R0166,Luma Court,4.7,5.7,5.1,6.5,5.4,4.6,5.1,4.9,0.964
R0166,Foundry One,5.7,3.2,4.3,4.9,5.9,5.6,6.5,5.9,0.964
R0167,Aster Run,6.4,4.8,7.0,5.8,4.3,6.1,7.0,5.0,0.708
R0167,Northloop,5.5,5.4,6.3,7.0,5.0,4.9,5.6,6.1,0.708
R0167,Morrow Pace,4.9,5.6,5.0,5.0,5.1,5.9,5.3,3.3,0.708
R0167,Ember Trail,6.2,4.4,5.2,4.7,6.7,5.7,6.9,4.8,0.708
R0167,Luma Court,5.6,6.0,6.5,6.5,5.7,5.9,4.9,5.8,0.708
R0167,Foundry One,5.8,4.6,5.4,5.4,6.9,5.9,6.0,6.8,0.708
R0168,Aster Run,6.2,5.6,5.8,5.4,4.3,5.6,6.4,5.8,1.252
R0168,Northloop,5.6,5.4,5.3,7.0,4.7,5.1,4.9,5.4,1.252
R0168,Morrow Pace,5.0,6.5,4.0,3.4,4.6,5.1,4.6,4.1,1.252
R0168,Ember Trail,6.4,4.3,5.6,4.5,5.7,5.5,6.3,5.4,1.252
R0168,Luma Court,4.8,5.6,5.6,6.4,5.8,4.6,4.6,5.3,1.252
R0168,Foundry One,7.0,4.1,3.6,5.5,5.9,5.8,5.5,6.7,1.252
R0169,Aster Run,6.6,4.6,6.4,6.7,3.9,7.0,6.9,5.7,0.924
R0169,Northloop,6.7,5.0,5.2,7.0,5.3,6.1,5.1,5.6,0.924
R0169,Morrow Pace,5.1,6.1,5.1,4.0,5.0,6.5,5.9,4.5,0.924
R0169,Ember Trail,6.3,4.5,5.3,4.4,6.0,6.0,6.2,4.7,0.924
R0169,Luma Court,5.8,5.9,6.6,6.4,6.3,5.3,5.5,6.2,0.924
R0169,Foundry One,6.3,4.5,3.8,5.4,6.2,6.1,6.4,7.0,0.924
R0170,Aster Run,5.8,3.7,5.4,5.5,3.1,5.3,6.3,4.8,0.992
R0170,Northloop,5.6,4.8,4.6,6.4,4.8,5.3,4.8,4.9,0.992
R0170,Morrow Pace,5.0,6.6,3.6,3.9,4.5,5.3,5.6,3.4,0.992
R0170,Ember Trail,6.0,4.8,4.7,4.0,5.3,5.0,5.4,4.2,0.992
R0170,Luma Court,4.2,5.1,5.3,5.5,5.1,4.1,4.6,4.8,0.992
R0170,Foundry One,5.5,3.3,3.0,4.0,4.5,4.2,5.9,5.4,0.992
R0171,Aster Run,6.2,5.1,6.5,5.6,4.0,6.5,5.8,5.2,1.082
R0171,Northloop,6.5,5.1,6.0,7.0,5.0,6.7,5.0,6.0,1.082
R0171,Morrow Pace,5.9,6.3,4.8,4.7,4.6,6.8,5.9,5.0,1.082
R0171,Ember Trail,5.9,5.1,6.2,5.4,5.8,5.5,6.1,4.5,1.082
R0171,Luma Court,4.5,5.9,6.3,7.0,6.5,5.4,5.5,5.6,1.082
R0171,Foundry One,5.8,4.1,4.8,4.6,5.4,5.9,5.1,6.6,1.082
R0172,Aster Run,6.0,5.1,5.4,4.6,4.0,5.7,6.0,5.2,0.922
R0172,Northloop,6.4,5.6,4.3,5.9,5.1,6.5,5.5,5.7,0.922
R0172,Morrow Pace,5.2,6.6,4.2,4.3,4.6,5.9,6.0,4.5,0.922
R0172,Ember Trail,5.4,5.3,5.0,4.5,6.5,5.8,7.0,4.9,0.922
R0172,Luma Court,4.2,5.5,5.6,6.1,5.0,4.5,4.7,5.8,0.922
R0172,Foundry One,6.5,3.7,3.9,5.1,6.1,5.1,6.0,6.3,0.922
R0173,Aster Run,6.2,5.2,5.8,5.3,4.8,5.4,6.7,4.2,1.241
R0173,Northloop,5.7,5.4,6.2,7.0,4.4,5.0,5.0,6.0,1.241
R0173,Morrow Pace,5.4,6.0,4.5,4.2,4.3,6.1,5.2,4.8,1.241
R0173,Ember Trail,5.6,5.0,5.5,4.4,5.6,6.0,6.0,4.2,1.241
R0173,Luma Court,5.2,5.5,5.0,6.3,6.1,5.0,5.3,5.9,1.241
R0173,Foundry One,6.0,4.4,4.9,5.4,5.6,6.0,6.2,6.7,1.241
R0174,Aster Run,5.4,4.2,6.5,5.4,4.2,5.5,6.3,5.4,0.926
R0174,Northloop,5.0,5.3,4.8,7.0,4.6,6.2,4.7,5.2,0.926
R0174,Morrow Pace,4.5,5.9,3.4,4.8,3.8,5.2,4.7,3.3,0.926
R0174,Ember Trail,5.0,5.1,4.9,4.1,6.9,6.2,6.3,4.3,0.926
R0174,Luma Court,4.6,5.7,5.5,6.1,5.2,4.3,4.9,5.8,0.926
R0174,Foundry One,5.5,3.0,3.7,4.9,4.9,5.0,5.0,6.1,0.926
R0175,Aster Run,5.8,5.5,6.1,5.7,4.0,6.6,6.0,4.8,1.104
R0175,Northloop,6.0,5.8,5.1,7.0,5.0,5.2,5.7,6.2,1.104
R0175,Morrow Pace,4.5,6.4,3.9,3.5,4.2,5.3,5.5,4.0,1.104
R0175,Ember Trail,5.6,4.4,5.0,4.1,5.1,5.7,6.7,4.7,1.104
R0175,Luma Court,4.8,5.5,5.7,5.7,5.2,4.8,4.4,5.1,1.104
R0175,Foundry One,6.1,5.3,4.1,5.0,6.0,5.1,5.6,5.8,1.104
R0176,Aster Run,6.6,4.7,5.6,5.4,5.2,5.3,7.0,5.2,1.091
R0176,Northloop,6.2,5.0,5.0,7.0,4.6,5.7,5.5,6.9,1.091
R0176,Morrow Pace,5.0,6.1,4.1,4.2,4.5,5.5,4.8,3.3,1.091
R0176,Ember Trail,5.6,4.4,4.4,3.9,6.6,5.9,6.4,4.5,1.091
R0176,Luma Court,5.5,5.4,5.4,6.1,5.0,4.7,4.6,5.9,1.091
R0176,Foundry One,5.9,4.1,5.3,4.9,5.4,5.7,5.2,6.7,1.091
R0177,Aster Run,5.7,4.4,6.0,6.6,3.4,6.0,6.9,5.6,0.779
R0177,Northloop,5.9,6.0,5.9,7.0,4.3,5.8,6.0,6.6,0.779
R0177,Morrow Pace,5.3,6.6,3.9,4.8,5.0,6.0,5.8,4.3,0.779
R0177,Ember Trail,5.1,5.3,5.3,4.8,6.1,5.6,5.9,4.7,0.779
R0177,Luma Court,5.3,6.2,6.0,6.0,5.6,5.7,5.6,6.1,0.779
R0177,Foundry One,6.8,4.2,4.3,5.3,5.8,5.2,5.8,6.5,0.779
R0178,Aster Run,6.3,4.2,5.9,5.0,4.3,6.1,6.6,4.6,1.222
R0178,Northloop,5.8,5.4,4.7,5.8,3.9,5.3,4.9,5.1,1.222
R0178,Morrow Pace,5.5,6.2,4.0,4.3,4.7,7.0,5.1,2.9,1.222
R0178,Ember Trail,5.0,3.8,4.9,4.3,5.7,6.0,6.0,4.5,1.222
R0178,Luma Court,5.2,5.6,5.4,5.6,4.7,5.5,4.7,4.8,1.222
R0178,Foundry One,5.9,3.6,4.6,5.5,5.7,6.2,6.1,5.9,1.222
R0179,Aster Run,6.8,4.6,7.0,5.3,4.8,6.0,5.7,5.2,1.18
R0179,Northloop,6.5,5.9,4.5,7.0,5.3,5.2,4.9,6.1,1.18
R0179,Morrow Pace,5.7,7.0,5.6,4.8,4.9,6.1,4.4,3.3,1.18
R0179,Ember Trail,5.6,5.7,5.4,5.0,6.4,5.8,5.6,5.7,1.18
R0179,Luma Court,4.7,5.1,6.0,5.7,6.0,4.9,4.8,6.3,1.18
R0179,Foundry One,6.5,5.0,4.4,5.4,6.3,6.0,5.3,6.4,1.18
R0180,Aster Run,5.9,4.6,6.5,6.0,4.7,5.9,6.4,4.5,1.025
R0180,Northloop,6.2,4.6,5.1,6.7,4.7,5.3,5.5,6.0,1.025
R0180,Morrow Pace,4.6,6.1,4.8,3.9,3.5,6.3,4.9,3.3,1.025
R0180,Ember Trail,6.2,4.8,4.4,5.4,6.5,5.6,5.9,5.3,1.025
R0180,Luma Court,5.8,5.3,4.9,5.6,5.5,5.3,5.1,5.7,1.025
R0180,Foundry One,6.7,5.3,4.3,5.4,5.8,5.0,5.9,6.6,1.025
